Workbook
Name T_max: 'Założenia'!$B$2
Name A_max: 'Założenia'!$B$3
Name mu_r_24: 'Założenia'!$B$7
Name sig_r_24: 'Założenia'!$C$7
Name mu_r_5p: 'Założenia'!$B$8
Name sig_r_5p: 'Założenia'!$C$8
Name mu_m_13: 'Założenia'!$B$12
Name sig_m_13: 'Założenia'!$C$12
Name mu_m_45: 'Założenia'!$B$13
Name sig_m_45: 'Założenia'!$C$13
Name mu_m_6p: 'Założenia'!$B$14
Name sig_m_6p: 'Założenia'!$C$14
Name h_nat_tbl: 'Założenia'!$A$18:$B$27
Name res_zywe_t30: 'Wyniki'!$G$32
Name res_zgony_t30: 'Wyniki'!$I$32
Name res_peak: 'Wyniki'!$B$37
Name res_peak_t: 'Wyniki'!$B$38
Name res_urodz: 'Wyniki'!$B$39
Name res_wiek_t30: 'Wyniki'!$K$32
Name res_wymarcie: 'Wyniki'!$B$42

Sheet Założenia
A1: Parametr | B1: Wartość
A2: T_max (liczba kroków) | B2: 30
A3: A_max (kohorty wiekowe) | B3: 10
A5: Stopa urodzeń ~ Normal(μ, σ)
A6: Pasmo wieku | B6: μ | C6: σ
A7: 2–4 u.j.c. | B7: 0.15 | C7: 0.02
A8: 5+ u.j.c. | B8: 0.1 | C8: 0.01
A10: Śmiertelność choroby ~ Normal(μ, σ)
A11: Pasmo wieku | B11: μ | C11: σ
A12: 1–3 u.j.c. | B12: 0.2 | C12: 0.05
A13: 4–5 u.j.c. | B13: 0.3 | C13: 0.07
A14: 6+ u.j.c. | B14: 0.5 | C14: 0.15
A16: Naturalna śmiertelność (hazard z N(6, 1))
A17: wiek a | B17: h_nat(a)
A18: 1 | B18: 0
A19: 2 | B19: 3.1e-05
A20: 3 | B20: 0.001318
A21: 4 | B21: 0.021429
A22: 5 | B22: 0.139069
A23: 6 | B23: 0.405713
A24: 7 | B24: 0.682689
A25: 8 | B25: 0.856607
A26: 9 | B26: 0.940664
A27: 10 | B27: 1
A30: Stan początkowy (t=0)
A31: wiek a | B31: z | C31: o | D31: ca | E31: cb
A32: 1 | B32: 60 | C32: 20 | D32: 10 | E32: 10
A33: 2 | B33: 60 | C33: 30 | D33: 10 | E33: 20
A34: 3 | B34: 70 | C34: 10 | D34: 5 | E34: 10
A35: 4 | B35: 60 | C35: 10 | D35: 10 | E35: 5
A36: 5 | B36: 20 | C36: 20 | D36: 7 | E36: 3
A37: 6 | B37: 10 | C37: 5 | D37: 6 | E37: 4
A38: 7 | B38: 10 | C38: 0 | D38: 0 | E38: 3
A39: 8 | B39: 0 | C39: 0 | D39: 0 | E39: 0
A40: 9 | B40: 0 | C40: 0 | D40: 0 | E40: 0
A41: 10 | B41: 0 | C41: 0 | D41: 0 | E41: 0
A42: Σ | B42: =SUM(B32:B41) | C42: =SUM(C32:C41) | D42: =SUM(D32:D41) | E42: =SUM(E32:E41)
A43: Razem populacja | B43: =SUM(B32:E41)
A46: Kolejność operacji w kroku t → t+1
A47: 1. Wyznacz pch(t) = (Σ ca + Σ cb) / Σ żywych (stan początku kroku).
A48: 2. Wylosuj nowe zarażenia per kohorta: pca(a, t+1) ~ Binom(z(a, t), pch(t)).
A49: 3. Przejście choroby: ca(a) → cb; cb(a) → {śmierć z prawd. m(a) | wyzdrowienie → o}.
A50: 4. Wygaśnięcie odporności: o(t) → z(t+1) (jeśli przeżyje hazard naturalny).
A51: 5. Naturalna śmiertelność: Binom(stan, h_nat(a)) na każdym przedziale (przy wieku DOCELOWYM a).
A52: 6. Starzenie: kohorta a → a+1. Kohorta a > A_max wymiera (h_nat = 1).
A53: 7. Urodzenia: kohorty a ≥ 2 → Binom(N(a, t), r(a)). Część chora ~ udział chorych w kohorcie.

Sheet z
A1: t \ a | B1: a=1 | C1: a=2 | D1: a=3 | E1: a=4 | F1: a=5 | G1: a=6 | H1: a=7 | I1: a=8 | J1: a=9 | K1: a=10
A2: 0 | B2: ='Założenia'!B32 | C2: ='Założenia'!B33 | D2: ='Założenia'!B34 | E2: ='Założenia'!B35 | F2: ='Założenia'!B36 | G2: ='Założenia'!B37 | H2: ='Założenia'!B38 | I2: ='Założenia'!B39 | J2: ='Założenia'!B40 | K2: ='Założenia'!B41
A3: 1 | B3: =MAX(0,(SUM(urodz!C3:K3)-SUM(urodz_ch!C3:K3))-nat_z!B3) | C3: =MAX(0,(z!B2-pca!B3+o!B2)-nat_z!C3) | D3: =MAX(0,(z!C2-pca!C3+o!C2)-nat_z!D3) | E3: =MAX(0,(z!D2-pca!D3+o!D2)-nat_z!E3) | F3: =MAX(0,(z!E2-pca!E3+o!E2)-nat_z!F3) | G3: =MAX(0,(z!F2-pca!F3+o!F2)-nat_z!G3) | H3: =MAX(0,(z!G2-pca!G3+o!G2)-nat_z!H3) | I3: =MAX(0,(z!H2-pca!H3+o!H2)-nat_z!I3) | J3: =MAX(0,(z!I2-pca!I3+o!I2)-nat_z!J3) | K3: =MAX(0,(z!J2-pca!J3+o!J2)-nat_z!K3)
A4: 2 | B4: =MAX(0,(SUM(urodz!C4:K4)-SUM(urodz_ch!C4:K4))-nat_z!B4) | C4: =MAX(0,(z!B3-pca!B4+o!B3)-nat_z!C4) | D4: =MAX(0,(z!C3-pca!C4+o!C3)-nat_z!D4) | E4: =MAX(0,(z!D3-pca!D4+o!D3)-nat_z!E4) | F4: =MAX(0,(z!E3-pca!E4+o!E3)-nat_z!F4) | G4: =MAX(0,(z!F3-pca!F4+o!F3)-nat_z!G4) | H4: =MAX(0,(z!G3-pca!G4+o!G3)-nat_z!H4) | I4: =MAX(0,(z!H3-pca!H4+o!H3)-nat_z!I4) | J4: =MAX(0,(z!I3-pca!I4+o!I3)-nat_z!J4) | K4: =MAX(0,(z!J3-pca!J4+o!J3)-nat_z!K4)
A5: 3 | B5: =MAX(0,(SUM(urodz!C5:K5)-SUM(urodz_ch!C5:K5))-nat_z!B5) | C5: =MAX(0,(z!B4-pca!B5+o!B4)-nat_z!C5) | D5: =MAX(0,(z!C4-pca!C5+o!C4)-nat_z!D5) | E5: =MAX(0,(z!D4-pca!D5+o!D4)-nat_z!E5) | F5: =MAX(0,(z!E4-pca!E5+o!E4)-nat_z!F5) | G5: =MAX(0,(z!F4-pca!F5+o!F4)-nat_z!G5) | H5: =MAX(0,(z!G4-pca!G5+o!G4)-nat_z!H5) | I5: =MAX(0,(z!H4-pca!H5+o!H4)-nat_z!I5) | J5: =MAX(0,(z!I4-pca!I5+o!I4)-nat_z!J5) | K5: =MAX(0,(z!J4-pca!J5+o!J4)-nat_z!K5)
A6: 4 | B6: =MAX(0,(SUM(urodz!C6:K6)-SUM(urodz_ch!C6:K6))-nat_z!B6) | C6: =MAX(0,(z!B5-pca!B6+o!B5)-nat_z!C6) | D6: =MAX(0,(z!C5-pca!C6+o!C5)-nat_z!D6) | E6: =MAX(0,(z!D5-pca!D6+o!D5)-nat_z!E6) | F6: =MAX(0,(z!E5-pca!E6+o!E5)-nat_z!F6) | G6: =MAX(0,(z!F5-pca!F6+o!F5)-nat_z!G6) | H6: =MAX(0,(z!G5-pca!G6+o!G5)-nat_z!H6) | I6: =MAX(0,(z!H5-pca!H6+o!H5)-nat_z!I6) | J6: =MAX(0,(z!I5-pca!I6+o!I5)-nat_z!J6) | K6: =MAX(0,(z!J5-pca!J6+o!J5)-nat_z!K6)
A7: 5 | B7: =MAX(0,(SUM(urodz!C7:K7)-SUM(urodz_ch!C7:K7))-nat_z!B7) | C7: =MAX(0,(z!B6-pca!B7+o!B6)-nat_z!C7) | D7: =MAX(0,(z!C6-pca!C7+o!C6)-nat_z!D7) | E7: =MAX(0,(z!D6-pca!D7+o!D6)-nat_z!E7) | F7: =MAX(0,(z!E6-pca!E7+o!E6)-nat_z!F7) | G7: =MAX(0,(z!F6-pca!F7+o!F6)-nat_z!G7) | H7: =MAX(0,(z!G6-pca!G7+o!G6)-nat_z!H7) | I7: =MAX(0,(z!H6-pca!H7+o!H6)-nat_z!I7) | J7: =MAX(0,(z!I6-pca!I7+o!I6)-nat_z!J7) | K7: =MAX(0,(z!J6-pca!J7+o!J6)-nat_z!K7)
A8: 6 | B8: =MAX(0,(SUM(urodz!C8:K8)-SUM(urodz_ch!C8:K8))-nat_z!B8) | C8: =MAX(0,(z!B7-pca!B8+o!B7)-nat_z!C8) | D8: =MAX(0,(z!C7-pca!C8+o!C7)-nat_z!D8) | E8: =MAX(0,(z!D7-pca!D8+o!D7)-nat_z!E8) | F8: =MAX(0,(z!E7-pca!E8+o!E7)-nat_z!F8) | G8: =MAX(0,(z!F7-pca!F8+o!F7)-nat_z!G8) | H8: =MAX(0,(z!G7-pca!G8+o!G7)-nat_z!H8) | I8: =MAX(0,(z!H7-pca!H8+o!H7)-nat_z!I8) | J8: =MAX(0,(z!I7-pca!I8+o!I7)-nat_z!J8) | K8: =MAX(0,(z!J7-pca!J8+o!J7)-nat_z!K8)
A9: 7 | B9: =MAX(0,(SUM(urodz!C9:K9)-SUM(urodz_ch!C9:K9))-nat_z!B9) | C9: =MAX(0,(z!B8-pca!B9+o!B8)-nat_z!C9) | D9: =MAX(0,(z!C8-pca!C9+o!C8)-nat_z!D9) | E9: =MAX(0,(z!D8-pca!D9+o!D8)-nat_z!E9) | F9: =MAX(0,(z!E8-pca!E9+o!E8)-nat_z!F9) | G9: =MAX(0,(z!F8-pca!F9+o!F8)-nat_z!G9) | H9: =MAX(0,(z!G8-pca!G9+o!G8)-nat_z!H9) | I9: =MAX(0,(z!H8-pca!H9+o!H8)-nat_z!I9) | J9: =MAX(0,(z!I8-pca!I9+o!I8)-nat_z!J9) | K9: =MAX(0,(z!J8-pca!J9+o!J8)-nat_z!K9)
A10: 8 | B10: =MAX(0,(SUM(urodz!C10:K10)-SUM(urodz_ch!C10:K10))-nat_z!B10) | C10: =MAX(0,(z!B9-pca!B10+o!B9)-nat_z!C10) | D10: =MAX(0,(z!C9-pca!C10+o!C9)-nat_z!D10) | E10: =MAX(0,(z!D9-pca!D10+o!D9)-nat_z!E10) | F10: =MAX(0,(z!E9-pca!E10+o!E9)-nat_z!F10) | G10: =MAX(0,(z!F9-pca!F10+o!F9)-nat_z!G10) | H10: =MAX(0,(z!G9-pca!G10+o!G9)-nat_z!H10) | I10: =MAX(0,(z!H9-pca!H10+o!H9)-nat_z!I10) | J10: =MAX(0,(z!I9-pca!I10+o!I9)-nat_z!J10) | K10: =MAX(0,(z!J9-pca!J10+o!J9)-nat_z!K10)
A11: 9 | B11: =MAX(0,(SUM(urodz!C11:K11)-SUM(urodz_ch!C11:K11))-nat_z!B11) | C11: =MAX(0,(z!B10-pca!B11+o!B10)-nat_z!C11) | D11: =MAX(0,(z!C10-pca!C11+o!C10)-nat_z!D11) | E11: =MAX(0,(z!D10-pca!D11+o!D10)-nat_z!E11) | F11: =MAX(0,(z!E10-pca!E11+o!E10)-nat_z!F11) | G11: =MAX(0,(z!F10-pca!F11+o!F10)-nat_z!G11) | H11: =MAX(0,(z!G10-pca!G11+o!G10)-nat_z!H11) | I11: =MAX(0,(z!H10-pca!H11+o!H10)-nat_z!I11) | J11: =MAX(0,(z!I10-pca!I11+o!I10)-nat_z!J11) | K11: =MAX(0,(z!J10-pca!J11+o!J10)-nat_z!K11)
A12: 10 | B12: =MAX(0,(SUM(urodz!C12:K12)-SUM(urodz_ch!C12:K12))-nat_z!B12) | C12: =MAX(0,(z!B11-pca!B12+o!B11)-nat_z!C12) | D12: =MAX(0,(z!C11-pca!C12+o!C11)-nat_z!D12) | E12: =MAX(0,(z!D11-pca!D12+o!D11)-nat_z!E12) | F12: =MAX(0,(z!E11-pca!E12+o!E11)-nat_z!F12) | G12: =MAX(0,(z!F11-pca!F12+o!F11)-nat_z!G12) | H12: =MAX(0,(z!G11-pca!G12+o!G11)-nat_z!H12) | I12: =MAX(0,(z!H11-pca!H12+o!H11)-nat_z!I12) | J12: =MAX(0,(z!I11-pca!I12+o!I11)-nat_z!J12) | K12: =MAX(0,(z!J11-pca!J12+o!J11)-nat_z!K12)
A13: 11 | B13: =MAX(0,(SUM(urodz!C13:K13)-SUM(urodz_ch!C13:K13))-nat_z!B13) | C13: =MAX(0,(z!B12-pca!B13+o!B12)-nat_z!C13) | D13: =MAX(0,(z!C12-pca!C13+o!C12)-nat_z!D13) | E13: =MAX(0,(z!D12-pca!D13+o!D12)-nat_z!E13) | F13: =MAX(0,(z!E12-pca!E13+o!E12)-nat_z!F13) | G13: =MAX(0,(z!F12-pca!F13+o!F12)-nat_z!G13) | H13: =MAX(0,(z!G12-pca!G13+o!G12)-nat_z!H13) | I13: =MAX(0,(z!H12-pca!H13+o!H12)-nat_z!I13) | J13: =MAX(0,(z!I12-pca!I13+o!I12)-nat_z!J13) | K13: =MAX(0,(z!J12-pca!J13+o!J12)-nat_z!K13)
A14: 12 | B14: =MAX(0,(SUM(urodz!C14:K14)-SUM(urodz_ch!C14:K14))-nat_z!B14) | C14: =MAX(0,(z!B13-pca!B14+o!B13)-nat_z!C14) | D14: =MAX(0,(z!C13-pca!C14+o!C13)-nat_z!D14) | E14: =MAX(0,(z!D13-pca!D14+o!D13)-nat_z!E14) | F14: =MAX(0,(z!E13-pca!E14+o!E13)-nat_z!F14) | G14: =MAX(0,(z!F13-pca!F14+o!F13)-nat_z!G14) | H14: =MAX(0,(z!G13-pca!G14+o!G13)-nat_z!H14) | I14: =MAX(0,(z!H13-pca!H14+o!H13)-nat_z!I14) | J14: =MAX(0,(z!I13-pca!I14+o!I13)-nat_z!J14) | K14: =MAX(0,(z!J13-pca!J14+o!J13)-nat_z!K14)
... A32: 30 | B32: =MAX(0,(SUM(urodz!C32:K32)-SUM(urodz_ch!C32:K32))-nat_z!B32) | C32: =MAX(0,(z!B31-pca!B32+o!B31)-nat_z!C32) | D32: =MAX(0,(z!C31-pca!C32+o!C31)-nat_z!D32) | E32: =MAX(0,(z!D31-pca!D32+o!D31)-nat_z!E32) | F32: =MAX(0,(z!E31-pca!E32+o!E31)-nat_z!F32) | G32: =MAX(0,(z!F31-pca!F32+o!F31)-nat_z!G32) | H32: =MAX(0,(z!G31-pca!G32+o!G31)-nat_z!H32) | I32: =MAX(0,(z!H31-pca!H32+o!H31)-nat_z!I32) | J32: =MAX(0,(z!I31-pca!I32+o!I31)-nat_z!J32) | K32: =MAX(0,(z!J31-pca!J32+o!J31)-nat_z!K32)

Sheet o
A1: t \ a | B1: a=1 | C1: a=2 | D1: a=3 | E1: a=4 | F1: a=5 | G1: a=6 | H1: a=7 | I1: a=8 | J1: a=9 | K1: a=10
A2: 0 | B2: ='Założenia'!C32 | C2: ='Założenia'!C33 | D2: ='Założenia'!C34 | E2: ='Założenia'!C35 | F2: ='Założenia'!C36 | G2: ='Założenia'!C37 | H2: ='Założenia'!C38 | I2: ='Założenia'!C39 | J2: ='Założenia'!C40 | K2: ='Założenia'!C41
A3: 1 | B3: =MAX(0,0-nat_o!B3) | C3: =MAX(0,(cb!B2-pu!B3)-nat_o!C3) | D3: =MAX(0,(cb!C2-pu!C3)-nat_o!D3) | E3: =MAX(0,(cb!D2-pu!D3)-nat_o!E3) | F3: =MAX(0,(cb!E2-pu!E3)-nat_o!F3) | G3: =MAX(0,(cb!F2-pu!F3)-nat_o!G3) | H3: =MAX(0,(cb!G2-pu!G3)-nat_o!H3) | I3: =MAX(0,(cb!H2-pu!H3)-nat_o!I3) | J3: =MAX(0,(cb!I2-pu!I3)-nat_o!J3) | K3: =MAX(0,(cb!J2-pu!J3)-nat_o!K3)
A4: 2 | B4: =MAX(0,0-nat_o!B4) | C4: =MAX(0,(cb!B3-pu!B4)-nat_o!C4) | D4: =MAX(0,(cb!C3-pu!C4)-nat_o!D4) | E4: =MAX(0,(cb!D3-pu!D4)-nat_o!E4) | F4: =MAX(0,(cb!E3-pu!E4)-nat_o!F4) | G4: =MAX(0,(cb!F3-pu!F4)-nat_o!G4) | H4: =MAX(0,(cb!G3-pu!G4)-nat_o!H4) | I4: =MAX(0,(cb!H3-pu!H4)-nat_o!I4) | J4: =MAX(0,(cb!I3-pu!I4)-nat_o!J4) | K4: =MAX(0,(cb!J3-pu!J4)-nat_o!K4)
A5: 3 | B5: =MAX(0,0-nat_o!B5) | C5: =MAX(0,(cb!B4-pu!B5)-nat_o!C5) | D5: =MAX(0,(cb!C4-pu!C5)-nat_o!D5) | E5: =MAX(0,(cb!D4-pu!D5)-nat_o!E5) | F5: =MAX(0,(cb!E4-pu!E5)-nat_o!F5) | G5: =MAX(0,(cb!F4-pu!F5)-nat_o!G5) | H5: =MAX(0,(cb!G4-pu!G5)-nat_o!H5) | I5: =MAX(0,(cb!H4-pu!H5)-nat_o!I5) | J5: =MAX(0,(cb!I4-pu!I5)-nat_o!J5) | K5: =MAX(0,(cb!J4-pu!J5)-nat_o!K5)
A6: 4 | B6: =MAX(0,0-nat_o!B6) | C6: =MAX(0,(cb!B5-pu!B6)-nat_o!C6) | D6: =MAX(0,(cb!C5-pu!C6)-nat_o!D6) | E6: =MAX(0,(cb!D5-pu!D6)-nat_o!E6) | F6: =MAX(0,(cb!E5-pu!E6)-nat_o!F6) | G6: =MAX(0,(cb!F5-pu!F6)-nat_o!G6) | H6: =MAX(0,(cb!G5-pu!G6)-nat_o!H6) | I6: =MAX(0,(cb!H5-pu!H6)-nat_o!I6) | J6: =MAX(0,(cb!I5-pu!I6)-nat_o!J6) | K6: =MAX(0,(cb!J5-pu!J6)-nat_o!K6)
A7: 5 | B7: =MAX(0,0-nat_o!B7) | C7: =MAX(0,(cb!B6-pu!B7)-nat_o!C7) | D7: =MAX(0,(cb!C6-pu!C7)-nat_o!D7) | E7: =MAX(0,(cb!D6-pu!D7)-nat_o!E7) | F7: =MAX(0,(cb!E6-pu!E7)-nat_o!F7) | G7: =MAX(0,(cb!F6-pu!F7)-nat_o!G7) | H7: =MAX(0,(cb!G6-pu!G7)-nat_o!H7) | I7: =MAX(0,(cb!H6-pu!H7)-nat_o!I7) | J7: =MAX(0,(cb!I6-pu!I7)-nat_o!J7) | K7: =MAX(0,(cb!J6-pu!J7)-nat_o!K7)
A8: 6 | B8: =MAX(0,0-nat_o!B8) | C8: =MAX(0,(cb!B7-pu!B8)-nat_o!C8) | D8: =MAX(0,(cb!C7-pu!C8)-nat_o!D8) | E8: =MAX(0,(cb!D7-pu!D8)-nat_o!E8) | F8: =MAX(0,(cb!E7-pu!E8)-nat_o!F8) | G8: =MAX(0,(cb!F7-pu!F8)-nat_o!G8) | H8: =MAX(0,(cb!G7-pu!G8)-nat_o!H8) | I8: =MAX(0,(cb!H7-pu!H8)-nat_o!I8) | J8: =MAX(0,(cb!I7-pu!I8)-nat_o!J8) | K8: =MAX(0,(cb!J7-pu!J8)-nat_o!K8)
A9: 7 | B9: =MAX(0,0-nat_o!B9) | C9: =MAX(0,(cb!B8-pu!B9)-nat_o!C9) | D9: =MAX(0,(cb!C8-pu!C9)-nat_o!D9) | E9: =MAX(0,(cb!D8-pu!D9)-nat_o!E9) | F9: =MAX(0,(cb!E8-pu!E9)-nat_o!F9) | G9: =MAX(0,(cb!F8-pu!F9)-nat_o!G9) | H9: =MAX(0,(cb!G8-pu!G9)-nat_o!H9) | I9: =MAX(0,(cb!H8-pu!H9)-nat_o!I9) | J9: =MAX(0,(cb!I8-pu!I9)-nat_o!J9) | K9: =MAX(0,(cb!J8-pu!J9)-nat_o!K9)
A10: 8 | B10: =MAX(0,0-nat_o!B10) | C10: =MAX(0,(cb!B9-pu!B10)-nat_o!C10) | D10: =MAX(0,(cb!C9-pu!C10)-nat_o!D10) | E10: =MAX(0,(cb!D9-pu!D10)-nat_o!E10) | F10: =MAX(0,(cb!E9-pu!E10)-nat_o!F10) | G10: =MAX(0,(cb!F9-pu!F10)-nat_o!G10) | H10: =MAX(0,(cb!G9-pu!G10)-nat_o!H10) | I10: =MAX(0,(cb!H9-pu!H10)-nat_o!I10) | J10: =MAX(0,(cb!I9-pu!I10)-nat_o!J10) | K10: =MAX(0,(cb!J9-pu!J10)-nat_o!K10)
A11: 9 | B11: =MAX(0,0-nat_o!B11) | C11: =MAX(0,(cb!B10-pu!B11)-nat_o!C11) | D11: =MAX(0,(cb!C10-pu!C11)-nat_o!D11) | E11: =MAX(0,(cb!D10-pu!D11)-nat_o!E11) | F11: =MAX(0,(cb!E10-pu!E11)-nat_o!F11) | G11: =MAX(0,(cb!F10-pu!F11)-nat_o!G11) | H11: =MAX(0,(cb!G10-pu!G11)-nat_o!H11) | I11: =MAX(0,(cb!H10-pu!H11)-nat_o!I11) | J11: =MAX(0,(cb!I10-pu!I11)-nat_o!J11) | K11: =MAX(0,(cb!J10-pu!J11)-nat_o!K11)
A12: 10 | B12: =MAX(0,0-nat_o!B12) | C12: =MAX(0,(cb!B11-pu!B12)-nat_o!C12) | D12: =MAX(0,(cb!C11-pu!C12)-nat_o!D12) | E12: =MAX(0,(cb!D11-pu!D12)-nat_o!E12) | F12: =MAX(0,(cb!E11-pu!E12)-nat_o!F12) | G12: =MAX(0,(cb!F11-pu!F12)-nat_o!G12) | H12: =MAX(0,(cb!G11-pu!G12)-nat_o!H12) | I12: =MAX(0,(cb!H11-pu!H12)-nat_o!I12) | J12: =MAX(0,(cb!I11-pu!I12)-nat_o!J12) | K12: =MAX(0,(cb!J11-pu!J12)-nat_o!K12)
A13: 11 | B13: =MAX(0,0-nat_o!B13) | C13: =MAX(0,(cb!B12-pu!B13)-nat_o!C13) | D13: =MAX(0,(cb!C12-pu!C13)-nat_o!D13) | E13: =MAX(0,(cb!D12-pu!D13)-nat_o!E13) | F13: =MAX(0,(cb!E12-pu!E13)-nat_o!F13) | G13: =MAX(0,(cb!F12-pu!F13)-nat_o!G13) | H13: =MAX(0,(cb!G12-pu!G13)-nat_o!H13) | I13: =MAX(0,(cb!H12-pu!H13)-nat_o!I13) | J13: =MAX(0,(cb!I12-pu!I13)-nat_o!J13) | K13: =MAX(0,(cb!J12-pu!J13)-nat_o!K13)
A14: 12 | B14: =MAX(0,0-nat_o!B14) | C14: =MAX(0,(cb!B13-pu!B14)-nat_o!C14) | D14: =MAX(0,(cb!C13-pu!C14)-nat_o!D14) | E14: =MAX(0,(cb!D13-pu!D14)-nat_o!E14) | F14: =MAX(0,(cb!E13-pu!E14)-nat_o!F14) | G14: =MAX(0,(cb!F13-pu!F14)-nat_o!G14) | H14: =MAX(0,(cb!G13-pu!G14)-nat_o!H14) | I14: =MAX(0,(cb!H13-pu!H14)-nat_o!I14) | J14: =MAX(0,(cb!I13-pu!I14)-nat_o!J14) | K14: =MAX(0,(cb!J13-pu!J14)-nat_o!K14)
... A32: 30 | B32: =MAX(0,0-nat_o!B32) | C32: =MAX(0,(cb!B31-pu!B32)-nat_o!C32) | D32: =MAX(0,(cb!C31-pu!C32)-nat_o!D32) | E32: =MAX(0,(cb!D31-pu!D32)-nat_o!E32) | F32: =MAX(0,(cb!E31-pu!E32)-nat_o!F32) | G32: =MAX(0,(cb!F31-pu!F32)-nat_o!G32) | H32: =MAX(0,(cb!G31-pu!G32)-nat_o!H32) | I32: =MAX(0,(cb!H31-pu!H32)-nat_o!I32) | J32: =MAX(0,(cb!I31-pu!I32)-nat_o!J32) | K32: =MAX(0,(cb!J31-pu!J32)-nat_o!K32)

Sheet ca
A1: t \ a | B1: a=1 | C1: a=2 | D1: a=3 | E1: a=4 | F1: a=5 | G1: a=6 | H1: a=7 | I1: a=8 | J1: a=9 | K1: a=10
A2: 0 | B2: ='Założenia'!D32 | C2: ='Założenia'!D33 | D2: ='Założenia'!D34 | E2: ='Założenia'!D35 | F2: ='Założenia'!D36 | G2: ='Założenia'!D37 | H2: ='Założenia'!D38 | I2: ='Założenia'!D39 | J2: ='Założenia'!D40 | K2: ='Założenia'!D41
A3: 1 | B3: =MAX(0,SUM(urodz_ch!C3:K3)-nat_ca!B3) | C3: =MAX(0,pca!B3-nat_ca!C3) | D3: =MAX(0,pca!C3-nat_ca!D3) | E3: =MAX(0,pca!D3-nat_ca!E3) | F3: =MAX(0,pca!E3-nat_ca!F3) | G3: =MAX(0,pca!F3-nat_ca!G3) | H3: =MAX(0,pca!G3-nat_ca!H3) | I3: =MAX(0,pca!H3-nat_ca!I3) | J3: =MAX(0,pca!I3-nat_ca!J3) | K3: =MAX(0,pca!J3-nat_ca!K3)
A4: 2 | B4: =MAX(0,SUM(urodz_ch!C4:K4)-nat_ca!B4) | C4: =MAX(0,pca!B4-nat_ca!C4) | D4: =MAX(0,pca!C4-nat_ca!D4) | E4: =MAX(0,pca!D4-nat_ca!E4) | F4: =MAX(0,pca!E4-nat_ca!F4) | G4: =MAX(0,pca!F4-nat_ca!G4) | H4: =MAX(0,pca!G4-nat_ca!H4) | I4: =MAX(0,pca!H4-nat_ca!I4) | J4: =MAX(0,pca!I4-nat_ca!J4) | K4: =MAX(0,pca!J4-nat_ca!K4)
A5: 3 | B5: =MAX(0,SUM(urodz_ch!C5:K5)-nat_ca!B5) | C5: =MAX(0,pca!B5-nat_ca!C5) | D5: =MAX(0,pca!C5-nat_ca!D5) | E5: =MAX(0,pca!D5-nat_ca!E5) | F5: =MAX(0,pca!E5-nat_ca!F5) | G5: =MAX(0,pca!F5-nat_ca!G5) | H5: =MAX(0,pca!G5-nat_ca!H5) | I5: =MAX(0,pca!H5-nat_ca!I5) | J5: =MAX(0,pca!I5-nat_ca!J5) | K5: =MAX(0,pca!J5-nat_ca!K5)
A6: 4 | B6: =MAX(0,SUM(urodz_ch!C6:K6)-nat_ca!B6) | C6: =MAX(0,pca!B6-nat_ca!C6) | D6: =MAX(0,pca!C6-nat_ca!D6) | E6: =MAX(0,pca!D6-nat_ca!E6) | F6: =MAX(0,pca!E6-nat_ca!F6) | G6: =MAX(0,pca!F6-nat_ca!G6) | H6: =MAX(0,pca!G6-nat_ca!H6) | I6: =MAX(0,pca!H6-nat_ca!I6) | J6: =MAX(0,pca!I6-nat_ca!J6) | K6: =MAX(0,pca!J6-nat_ca!K6)
A7: 5 | B7: =MAX(0,SUM(urodz_ch!C7:K7)-nat_ca!B7) | C7: =MAX(0,pca!B7-nat_ca!C7) | D7: =MAX(0,pca!C7-nat_ca!D7) | E7: =MAX(0,pca!D7-nat_ca!E7) | F7: =MAX(0,pca!E7-nat_ca!F7) | G7: =MAX(0,pca!F7-nat_ca!G7) | H7: =MAX(0,pca!G7-nat_ca!H7) | I7: =MAX(0,pca!H7-nat_ca!I7) | J7: =MAX(0,pca!I7-nat_ca!J7) | K7: =MAX(0,pca!J7-nat_ca!K7)
A8: 6 | B8: =MAX(0,SUM(urodz_ch!C8:K8)-nat_ca!B8) | C8: =MAX(0,pca!B8-nat_ca!C8) | D8: =MAX(0,pca!C8-nat_ca!D8) | E8: =MAX(0,pca!D8-nat_ca!E8) | F8: =MAX(0,pca!E8-nat_ca!F8) | G8: =MAX(0,pca!F8-nat_ca!G8) | H8: =MAX(0,pca!G8-nat_ca!H8) | I8: =MAX(0,pca!H8-nat_ca!I8) | J8: =MAX(0,pca!I8-nat_ca!J8) | K8: =MAX(0,pca!J8-nat_ca!K8)
A9: 7 | B9: =MAX(0,SUM(urodz_ch!C9:K9)-nat_ca!B9) | C9: =MAX(0,pca!B9-nat_ca!C9) | D9: =MAX(0,pca!C9-nat_ca!D9) | E9: =MAX(0,pca!D9-nat_ca!E9) | F9: =MAX(0,pca!E9-nat_ca!F9) | G9: =MAX(0,pca!F9-nat_ca!G9) | H9: =MAX(0,pca!G9-nat_ca!H9) | I9: =MAX(0,pca!H9-nat_ca!I9) | J9: =MAX(0,pca!I9-nat_ca!J9) | K9: =MAX(0,pca!J9-nat_ca!K9)
A10: 8 | B10: =MAX(0,SUM(urodz_ch!C10:K10)-nat_ca!B10) | C10: =MAX(0,pca!B10-nat_ca!C10) | D10: =MAX(0,pca!C10-nat_ca!D10) | E10: =MAX(0,pca!D10-nat_ca!E10) | F10: =MAX(0,pca!E10-nat_ca!F10) | G10: =MAX(0,pca!F10-nat_ca!G10) | H10: =MAX(0,pca!G10-nat_ca!H10) | I10: =MAX(0,pca!H10-nat_ca!I10) | J10: =MAX(0,pca!I10-nat_ca!J10) | K10: =MAX(0,pca!J10-nat_ca!K10)
A11: 9 | B11: =MAX(0,SUM(urodz_ch!C11:K11)-nat_ca!B11) | C11: =MAX(0,pca!B11-nat_ca!C11) | D11: =MAX(0,pca!C11-nat_ca!D11) | E11: =MAX(0,pca!D11-nat_ca!E11) | F11: =MAX(0,pca!E11-nat_ca!F11) | G11: =MAX(0,pca!F11-nat_ca!G11) | H11: =MAX(0,pca!G11-nat_ca!H11) | I11: =MAX(0,pca!H11-nat_ca!I11) | J11: =MAX(0,pca!I11-nat_ca!J11) | K11: =MAX(0,pca!J11-nat_ca!K11)
A12: 10 | B12: =MAX(0,SUM(urodz_ch!C12:K12)-nat_ca!B12) | C12: =MAX(0,pca!B12-nat_ca!C12) | D12: =MAX(0,pca!C12-nat_ca!D12) | E12: =MAX(0,pca!D12-nat_ca!E12) | F12: =MAX(0,pca!E12-nat_ca!F12) | G12: =MAX(0,pca!F12-nat_ca!G12) | H12: =MAX(0,pca!G12-nat_ca!H12) | I12: =MAX(0,pca!H12-nat_ca!I12) | J12: =MAX(0,pca!I12-nat_ca!J12) | K12: =MAX(0,pca!J12-nat_ca!K12)
A13: 11 | B13: =MAX(0,SUM(urodz_ch!C13:K13)-nat_ca!B13) | C13: =MAX(0,pca!B13-nat_ca!C13) | D13: =MAX(0,pca!C13-nat_ca!D13) | E13: =MAX(0,pca!D13-nat_ca!E13) | F13: =MAX(0,pca!E13-nat_ca!F13) | G13: =MAX(0,pca!F13-nat_ca!G13) | H13: =MAX(0,pca!G13-nat_ca!H13) | I13: =MAX(0,pca!H13-nat_ca!I13) | J13: =MAX(0,pca!I13-nat_ca!J13) | K13: =MAX(0,pca!J13-nat_ca!K13)
A14: 12 | B14: =MAX(0,SUM(urodz_ch!C14:K14)-nat_ca!B14) | C14: =MAX(0,pca!B14-nat_ca!C14) | D14: =MAX(0,pca!C14-nat_ca!D14) | E14: =MAX(0,pca!D14-nat_ca!E14) | F14: =MAX(0,pca!E14-nat_ca!F14) | G14: =MAX(0,pca!F14-nat_ca!G14) | H14: =MAX(0,pca!G14-nat_ca!H14) | I14: =MAX(0,pca!H14-nat_ca!I14) | J14: =MAX(0,pca!I14-nat_ca!J14) | K14: =MAX(0,pca!J14-nat_ca!K14)
... A32: 30 | B32: =MAX(0,SUM(urodz_ch!C32:K32)-nat_ca!B32) | C32: =MAX(0,pca!B32-nat_ca!C32) | D32: =MAX(0,pca!C32-nat_ca!D32) | E32: =MAX(0,pca!D32-nat_ca!E32) | F32: =MAX(0,pca!E32-nat_ca!F32) | G32: =MAX(0,pca!F32-nat_ca!G32) | H32: =MAX(0,pca!G32-nat_ca!H32) | I32: =MAX(0,pca!H32-nat_ca!I32) | J32: =MAX(0,pca!I32-nat_ca!J32) | K32: =MAX(0,pca!J32-nat_ca!K32)

Sheet cb
A1: t \ a | B1: a=1 | C1: a=2 | D1: a=3 | E1: a=4 | F1: a=5 | G1: a=6 | H1: a=7 | I1: a=8 | J1: a=9 | K1: a=10
A2: 0 | B2: ='Założenia'!E32 | C2: ='Założenia'!E33 | D2: ='Założenia'!E34 | E2: ='Założenia'!E35 | F2: ='Założenia'!E36 | G2: ='Założenia'!E37 | H2: ='Założenia'!E38 | I2: ='Założenia'!E39 | J2: ='Założenia'!E40 | K2: ='Założenia'!E41
A3: 1 | B3: =MAX(0,0-nat_cb!B3) | C3: =MAX(0,ca!B2-nat_cb!C3) | D3: =MAX(0,ca!C2-nat_cb!D3) | E3: =MAX(0,ca!D2-nat_cb!E3) | F3: =MAX(0,ca!E2-nat_cb!F3) | G3: =MAX(0,ca!F2-nat_cb!G3) | H3: =MAX(0,ca!G2-nat_cb!H3) | I3: =MAX(0,ca!H2-nat_cb!I3) | J3: =MAX(0,ca!I2-nat_cb!J3) | K3: =MAX(0,ca!J2-nat_cb!K3)
A4: 2 | B4: =MAX(0,0-nat_cb!B4) | C4: =MAX(0,ca!B3-nat_cb!C4) | D4: =MAX(0,ca!C3-nat_cb!D4) | E4: =MAX(0,ca!D3-nat_cb!E4) | F4: =MAX(0,ca!E3-nat_cb!F4) | G4: =MAX(0,ca!F3-nat_cb!G4) | H4: =MAX(0,ca!G3-nat_cb!H4) | I4: =MAX(0,ca!H3-nat_cb!I4) | J4: =MAX(0,ca!I3-nat_cb!J4) | K4: =MAX(0,ca!J3-nat_cb!K4)
A5: 3 | B5: =MAX(0,0-nat_cb!B5) | C5: =MAX(0,ca!B4-nat_cb!C5) | D5: =MAX(0,ca!C4-nat_cb!D5) | E5: =MAX(0,ca!D4-nat_cb!E5) | F5: =MAX(0,ca!E4-nat_cb!F5) | G5: =MAX(0,ca!F4-nat_cb!G5) | H5: =MAX(0,ca!G4-nat_cb!H5) | I5: =MAX(0,ca!H4-nat_cb!I5) | J5: =MAX(0,ca!I4-nat_cb!J5) | K5: =MAX(0,ca!J4-nat_cb!K5)
A6: 4 | B6: =MAX(0,0-nat_cb!B6) | C6: =MAX(0,ca!B5-nat_cb!C6) | D6: =MAX(0,ca!C5-nat_cb!D6) | E6: =MAX(0,ca!D5-nat_cb!E6) | F6: =MAX(0,ca!E5-nat_cb!F6) | G6: =MAX(0,ca!F5-nat_cb!G6) | H6: =MAX(0,ca!G5-nat_cb!H6) | I6: =MAX(0,ca!H5-nat_cb!I6) | J6: =MAX(0,ca!I5-nat_cb!J6) | K6: =MAX(0,ca!J5-nat_cb!K6)
A7: 5 | B7: =MAX(0,0-nat_cb!B7) | C7: =MAX(0,ca!B6-nat_cb!C7) | D7: =MAX(0,ca!C6-nat_cb!D7) | E7: =MAX(0,ca!D6-nat_cb!E7) | F7: =MAX(0,ca!E6-nat_cb!F7) | G7: =MAX(0,ca!F6-nat_cb!G7) | H7: =MAX(0,ca!G6-nat_cb!H7) | I7: =MAX(0,ca!H6-nat_cb!I7) | J7: =MAX(0,ca!I6-nat_cb!J7) | K7: =MAX(0,ca!J6-nat_cb!K7)
A8: 6 | B8: =MAX(0,0-nat_cb!B8) | C8: =MAX(0,ca!B7-nat_cb!C8) | D8: =MAX(0,ca!C7-nat_cb!D8) | E8: =MAX(0,ca!D7-nat_cb!E8) | F8: =MAX(0,ca!E7-nat_cb!F8) | G8: =MAX(0,ca!F7-nat_cb!G8) | H8: =MAX(0,ca!G7-nat_cb!H8) | I8: =MAX(0,ca!H7-nat_cb!I8) | J8: =MAX(0,ca!I7-nat_cb!J8) | K8: =MAX(0,ca!J7-nat_cb!K8)
A9: 7 | B9: =MAX(0,0-nat_cb!B9) | C9: =MAX(0,ca!B8-nat_cb!C9) | D9: =MAX(0,ca!C8-nat_cb!D9) | E9: =MAX(0,ca!D8-nat_cb!E9) | F9: =MAX(0,ca!E8-nat_cb!F9) | G9: =MAX(0,ca!F8-nat_cb!G9) | H9: =MAX(0,ca!G8-nat_cb!H9) | I9: =MAX(0,ca!H8-nat_cb!I9) | J9: =MAX(0,ca!I8-nat_cb!J9) | K9: =MAX(0,ca!J8-nat_cb!K9)
A10: 8 | B10: =MAX(0,0-nat_cb!B10) | C10: =MAX(0,ca!B9-nat_cb!C10) | D10: =MAX(0,ca!C9-nat_cb!D10) | E10: =MAX(0,ca!D9-nat_cb!E10) | F10: =MAX(0,ca!E9-nat_cb!F10) | G10: =MAX(0,ca!F9-nat_cb!G10) | H10: =MAX(0,ca!G9-nat_cb!H10) | I10: =MAX(0,ca!H9-nat_cb!I10) | J10: =MAX(0,ca!I9-nat_cb!J10) | K10: =MAX(0,ca!J9-nat_cb!K10)
A11: 9 | B11: =MAX(0,0-nat_cb!B11) | C11: =MAX(0,ca!B10-nat_cb!C11) | D11: =MAX(0,ca!C10-nat_cb!D11) | E11: =MAX(0,ca!D10-nat_cb!E11) | F11: =MAX(0,ca!E10-nat_cb!F11) | G11: =MAX(0,ca!F10-nat_cb!G11) | H11: =MAX(0,ca!G10-nat_cb!H11) | I11: =MAX(0,ca!H10-nat_cb!I11) | J11: =MAX(0,ca!I10-nat_cb!J11) | K11: =MAX(0,ca!J10-nat_cb!K11)
A12: 10 | B12: =MAX(0,0-nat_cb!B12) | C12: =MAX(0,ca!B11-nat_cb!C12) | D12: =MAX(0,ca!C11-nat_cb!D12) | E12: =MAX(0,ca!D11-nat_cb!E12) | F12: =MAX(0,ca!E11-nat_cb!F12) | G12: =MAX(0,ca!F11-nat_cb!G12) | H12: =MAX(0,ca!G11-nat_cb!H12) | I12: =MAX(0,ca!H11-nat_cb!I12) | J12: =MAX(0,ca!I11-nat_cb!J12) | K12: =MAX(0,ca!J11-nat_cb!K12)
A13: 11 | B13: =MAX(0,0-nat_cb!B13) | C13: =MAX(0,ca!B12-nat_cb!C13) | D13: =MAX(0,ca!C12-nat_cb!D13) | E13: =MAX(0,ca!D12-nat_cb!E13) | F13: =MAX(0,ca!E12-nat_cb!F13) | G13: =MAX(0,ca!F12-nat_cb!G13) | H13: =MAX(0,ca!G12-nat_cb!H13) | I13: =MAX(0,ca!H12-nat_cb!I13) | J13: =MAX(0,ca!I12-nat_cb!J13) | K13: =MAX(0,ca!J12-nat_cb!K13)
A14: 12 | B14: =MAX(0,0-nat_cb!B14) | C14: =MAX(0,ca!B13-nat_cb!C14) | D14: =MAX(0,ca!C13-nat_cb!D14) | E14: =MAX(0,ca!D13-nat_cb!E14) | F14: =MAX(0,ca!E13-nat_cb!F14) | G14: =MAX(0,ca!F13-nat_cb!G14) | H14: =MAX(0,ca!G13-nat_cb!H14) | I14: =MAX(0,ca!H13-nat_cb!I14) | J14: =MAX(0,ca!I13-nat_cb!J14) | K14: =MAX(0,ca!J13-nat_cb!K14)
... A32: 30 | B32: =MAX(0,0-nat_cb!B32) | C32: =MAX(0,ca!B31-nat_cb!C32) | D32: =MAX(0,ca!C31-nat_cb!D32) | E32: =MAX(0,ca!D31-nat_cb!E32) | F32: =MAX(0,ca!E31-nat_cb!F32) | G32: =MAX(0,ca!F31-nat_cb!G32) | H32: =MAX(0,ca!G31-nat_cb!H32) | I32: =MAX(0,ca!H31-nat_cb!I32) | J32: =MAX(0,ca!I31-nat_cb!J32) | K32: =MAX(0,ca!J31-nat_cb!K32)

Sheet pch
A1: t | B1: pch(t)
A2: 0 | B2: =IFERROR((SUM(ca!B2:K2)+SUM(cb!B2:K2))/(SUM(z!B2:K2)+SUM(o!B2:K2)+SUM(ca!B2:K2)+SUM(cb!B2:K2)),0)
A3: 1 | B3: =IFERROR((SUM(ca!B3:K3)+SUM(cb!B3:K3))/(SUM(z!B3:K3)+SUM(o!B3:K3)+SUM(ca!B3:K3)+SUM(cb!B3:K3)),0)
A4: 2 | B4: =IFERROR((SUM(ca!B4:K4)+SUM(cb!B4:K4))/(SUM(z!B4:K4)+SUM(o!B4:K4)+SUM(ca!B4:K4)+SUM(cb!B4:K4)),0)
A5: 3 | B5: =IFERROR((SUM(ca!B5:K5)+SUM(cb!B5:K5))/(SUM(z!B5:K5)+SUM(o!B5:K5)+SUM(ca!B5:K5)+SUM(cb!B5:K5)),0)
A6: 4 | B6: =IFERROR((SUM(ca!B6:K6)+SUM(cb!B6:K6))/(SUM(z!B6:K6)+SUM(o!B6:K6)+SUM(ca!B6:K6)+SUM(cb!B6:K6)),0)
A7: 5 | B7: =IFERROR((SUM(ca!B7:K7)+SUM(cb!B7:K7))/(SUM(z!B7:K7)+SUM(o!B7:K7)+SUM(ca!B7:K7)+SUM(cb!B7:K7)),0)
A8: 6 | B8: =IFERROR((SUM(ca!B8:K8)+SUM(cb!B8:K8))/(SUM(z!B8:K8)+SUM(o!B8:K8)+SUM(ca!B8:K8)+SUM(cb!B8:K8)),0)
A9: 7 | B9: =IFERROR((SUM(ca!B9:K9)+SUM(cb!B9:K9))/(SUM(z!B9:K9)+SUM(o!B9:K9)+SUM(ca!B9:K9)+SUM(cb!B9:K9)),0)
A10: 8 | B10: =IFERROR((SUM(ca!B10:K10)+SUM(cb!B10:K10))/(SUM(z!B10:K10)+SUM(o!B10:K10)+SUM(ca!B10:K10)+SUM(cb!B10:K10)),0)
A11: 9 | B11: =IFERROR((SUM(ca!B11:K11)+SUM(cb!B11:K11))/(SUM(z!B11:K11)+SUM(o!B11:K11)+SUM(ca!B11:K11)+SUM(cb!B11:K11)),0)
A12: 10 | B12: =IFERROR((SUM(ca!B12:K12)+SUM(cb!B12:K12))/(SUM(z!B12:K12)+SUM(o!B12:K12)+SUM(ca!B12:K12)+SUM(cb!B12:K12)),0)
A13: 11 | B13: =IFERROR((SUM(ca!B13:K13)+SUM(cb!B13:K13))/(SUM(z!B13:K13)+SUM(o!B13:K13)+SUM(ca!B13:K13)+SUM(cb!B13:K13)),0)
... A32: 30 | B32: =IFERROR((SUM(ca!B32:K32)+SUM(cb!B32:K32))/(SUM(z!B32:K32)+SUM(o!B32:K32)+SUM(ca!B32:K32)+SUM(cb!B32:K32)),0)

Sheet r_st
A1: t \ a | B1: a=1 | C1: a=2 | D1: a=3 | E1: a=4 | F1: a=5 | G1: a=6 | H1: a=7 | I1: a=8 | J1: a=9 | K1: a=10
A2: 0 | B2: =0 | C2: =MAX(0,MIN(1,_xlfn.NORM.INV(RAND(),mu_r_24,sig_r_24))) | D2: =MAX(0,MIN(1,_xlfn.NORM.INV(RAND(),mu_r_24,sig_r_24))) | E2: =MAX(0,MIN(1,_xlfn.NORM.INV(RAND(),mu_r_24,sig_r_24))) | F2: =MAX(0,MIN(1,_xlfn.NORM.INV(RAND(),mu_r_5p,sig_r_5p))) | G2: =MAX(0,MIN(1,_xlfn.NORM.INV(RAND(),mu_r_5p,sig_r_5p))) | H2: =MAX(0,MIN(1,_xlfn.NORM.INV(RAND(),mu_r_5p,sig_r_5p))) | I2: =MAX(0,MIN(1,_xlfn.NORM.INV(RAND(),mu_r_5p,sig_r_5p))) | J2: =MAX(0,MIN(1,_xlfn.NORM.INV(RAND(),mu_r_5p,sig_r_5p))) | K2: =MAX(0,MIN(1,_xlfn.NORM.INV(RAND(),mu_r_5p,sig_r_5p)))
A3: 1 | B3: =0 | C3: =MAX(0,MIN(1,_xlfn.NORM.INV(RAND(),mu_r_24,sig_r_24))) | D3: =MAX(0,MIN(1,_xlfn.NORM.INV(RAND(),mu_r_24,sig_r_24))) | E3: =MAX(0,MIN(1,_xlfn.NORM.INV(RAND(),mu_r_24,sig_r_24))) | F3: =MAX(0,MIN(1,_xlfn.NORM.INV(RAND(),mu_r_5p,sig_r_5p))) | G3: =MAX(0,MIN(1,_xlfn.NORM.INV(RAND(),mu_r_5p,sig_r_5p))) | H3: =MAX(0,MIN(1,_xlfn.NORM.INV(RAND(),mu_r_5p,sig_r_5p))) | I3: =MAX(0,MIN(1,_xlfn.NORM.INV(RAND(),mu_r_5p,sig_r_5p))) | J3: =MAX(0,MIN(1,_xlfn.NORM.INV(RAND(),mu_r_5p,sig_r_5p))) | K3: =MAX(0,MIN(1,_xlfn.NORM.INV(RAND(),mu_r_5p,sig_r_5p)))
A4: 2 | B4: =0 | C4: =MAX(0,MIN(1,_xlfn.NORM.INV(RAND(),mu_r_24,sig_r_24))) | D4: =MAX(0,MIN(1,_xlfn.NORM.INV(RAND(),mu_r_24,sig_r_24))) | E4: =MAX(0,MIN(1,_xlfn.NORM.INV(RAND(),mu_r_24,sig_r_24))) | F4: =MAX(0,MIN(1,_xlfn.NORM.INV(RAND(),mu_r_5p,sig_r_5p))) | G4: =MAX(0,MIN(1,_xlfn.NORM.INV(RAND(),mu_r_5p,sig_r_5p))) | H4: =MAX(0,MIN(1,_xlfn.NORM.INV(RAND(),mu_r_5p,sig_r_5p))) | I4: =MAX(0,MIN(1,_xlfn.NORM.INV(RAND(),mu_r_5p,sig_r_5p))) | J4: =MAX(0,MIN(1,_xlfn.NORM.INV(RAND(),mu_r_5p,sig_r_5p))) | K4: =MAX(0,MIN(1,_xlfn.NORM.INV(RAND(),mu_r_5p,sig_r_5p)))
A5: 3 | B5: =0 | C5: =MAX(0,MIN(1,_xlfn.NORM.INV(RAND(),mu_r_24,sig_r_24))) | D5: =MAX(0,MIN(1,_xlfn.NORM.INV(RAND(),mu_r_24,sig_r_24))) | E5: =MAX(0,MIN(1,_xlfn.NORM.INV(RAND(),mu_r_24,sig_r_24))) | F5: =MAX(0,MIN(1,_xlfn.NORM.INV(RAND(),mu_r_5p,sig_r_5p))) | G5: =MAX(0,MIN(1,_xlfn.NORM.INV(RAND(),mu_r_5p,sig_r_5p))) | H5: =MAX(0,MIN(1,_xlfn.NORM.INV(RAND(),mu_r_5p,sig_r_5p))) | I5: =MAX(0,MIN(1,_xlfn.NORM.INV(RAND(),mu_r_5p,sig_r_5p))) | J5: =MAX(0,MIN(1,_xlfn.NORM.INV(RAND(),mu_r_5p,sig_r_5p))) | K5: =MAX(0,MIN(1,_xlfn.NORM.INV(RAND(),mu_r_5p,sig_r_5p)))
A6: 4 | B6: =0 | C6: =MAX(0,MIN(1,_xlfn.NORM.INV(RAND(),mu_r_24,sig_r_24))) | D6: =MAX(0,MIN(1,_xlfn.NORM.INV(RAND(),mu_r_24,sig_r_24))) | E6: =MAX(0,MIN(1,_xlfn.NORM.INV(RAND(),mu_r_24,sig_r_24))) | F6: =MAX(0,MIN(1,_xlfn.NORM.INV(RAND(),mu_r_5p,sig_r_5p))) | G6: =MAX(0,MIN(1,_xlfn.NORM.INV(RAND(),mu_r_5p,sig_r_5p))) | H6: =MAX(0,MIN(1,_xlfn.NORM.INV(RAND(),mu_r_5p,sig_r_5p))) | I6: =MAX(0,MIN(1,_xlfn.NORM.INV(RAND(),mu_r_5p,sig_r_5p))) | J6: =MAX(0,MIN(1,_xlfn.NORM.INV(RAND(),mu_r_5p,sig_r_5p))) | K6: =MAX(0,MIN(1,_xlfn.NORM.INV(RAND(),mu_r_5p,sig_r_5p)))
A7: 5 | B7: =0 | C7: =MAX(0,MIN(1,_xlfn.NORM.INV(RAND(),mu_r_24,sig_r_24))) | D7: =MAX(0,MIN(1,_xlfn.NORM.INV(RAND(),mu_r_24,sig_r_24))) | E7: =MAX(0,MIN(1,_xlfn.NORM.INV(RAND(),mu_r_24,sig_r_24))) | F7: =MAX(0,MIN(1,_xlfn.NORM.INV(RAND(),mu_r_5p,sig_r_5p))) | G7: =MAX(0,MIN(1,_xlfn.NORM.INV(RAND(),mu_r_5p,sig_r_5p))) | H7: =MAX(0,MIN(1,_xlfn.NORM.INV(RAND(),mu_r_5p,sig_r_5p))) | I7: =MAX(0,MIN(1,_xlfn.NORM.INV(RAND(),mu_r_5p,sig_r_5p))) | J7: =MAX(0,MIN(1,_xlfn.NORM.INV(RAND(),mu_r_5p,sig_r_5p))) | K7: =MAX(0,MIN(1,_xlfn.NORM.INV(RAND(),mu_r_5p,sig_r_5p)))
A8: 6 | B8: =0 | C8: =MAX(0,MIN(1,_xlfn.NORM.INV(RAND(),mu_r_24,sig_r_24))) | D8: =MAX(0,MIN(1,_xlfn.NORM.INV(RAND(),mu_r_24,sig_r_24))) | E8: =MAX(0,MIN(1,_xlfn.NORM.INV(RAND(),mu_r_24,sig_r_24))) | F8: =MAX(0,MIN(1,_xlfn.NORM.INV(RAND(),mu_r_5p,sig_r_5p))) | G8: =MAX(0,MIN(1,_xlfn.NORM.INV(RAND(),mu_r_5p,sig_r_5p))) | H8: =MAX(0,MIN(1,_xlfn.NORM.INV(RAND(),mu_r_5p,sig_r_5p))) | I8: =MAX(0,MIN(1,_xlfn.NORM.INV(RAND(),mu_r_5p,sig_r_5p))) | J8: =MAX(0,MIN(1,_xlfn.NORM.INV(RAND(),mu_r_5p,sig_r_5p))) | K8: =MAX(0,MIN(1,_xlfn.NORM.INV(RAND(),mu_r_5p,sig_r_5p)))
A9: 7 | B9: =0 | C9: =MAX(0,MIN(1,_xlfn.NORM.INV(RAND(),mu_r_24,sig_r_24))) | D9: =MAX(0,MIN(1,_xlfn.NORM.INV(RAND(),mu_r_24,sig_r_24))) | E9: =MAX(0,MIN(1,_xlfn.NORM.INV(RAND(),mu_r_24,sig_r_24))) | F9: =MAX(0,MIN(1,_xlfn.NORM.INV(RAND(),mu_r_5p,sig_r_5p))) | G9: =MAX(0,MIN(1,_xlfn.NORM.INV(RAND(),mu_r_5p,sig_r_5p))) | H9: =MAX(0,MIN(1,_xlfn.NORM.INV(RAND(),mu_r_5p,sig_r_5p))) | I9: =MAX(0,MIN(1,_xlfn.NORM.INV(RAND(),mu_r_5p,sig_r_5p))) | J9: =MAX(0,MIN(1,_xlfn.NORM.INV(RAND(),mu_r_5p,sig_r_5p))) | K9: =MAX(0,MIN(1,_xlfn.NORM.INV(RAND(),mu_r_5p,sig_r_5p)))
A10: 8 | B10: =0 | C10: =MAX(0,MIN(1,_xlfn.NORM.INV(RAND(),mu_r_24,sig_r_24))) | D10: =MAX(0,MIN(1,_xlfn.NORM.INV(RAND(),mu_r_24,sig_r_24))) | E10: =MAX(0,MIN(1,_xlfn.NORM.INV(RAND(),mu_r_24,sig_r_24))) | F10: =MAX(0,MIN(1,_xlfn.NORM.INV(RAND(),mu_r_5p,sig_r_5p))) | G10: =MAX(0,MIN(1,_xlfn.NORM.INV(RAND(),mu_r_5p,sig_r_5p))) | H10: =MAX(0,MIN(1,_xlfn.NORM.INV(RAND(),mu_r_5p,sig_r_5p))) | I10: =MAX(0,MIN(1,_xlfn.NORM.INV(RAND(),mu_r_5p,sig_r_5p))) | J10: =MAX(0,MIN(1,_xlfn.NORM.INV(RAND(),mu_r_5p,sig_r_5p))) | K10: =MAX(0,MIN(1,_xlfn.NORM.INV(RAND(),mu_r_5p,sig_r_5p)))
A11: 9 | B11: =0 | C11: =MAX(0,MIN(1,_xlfn.NORM.INV(RAND(),mu_r_24,sig_r_24))) | D11: =MAX(0,MIN(1,_xlfn.NORM.INV(RAND(),mu_r_24,sig_r_24))) | E11: =MAX(0,MIN(1,_xlfn.NORM.INV(RAND(),mu_r_24,sig_r_24))) | F11: =MAX(0,MIN(1,_xlfn.NORM.INV(RAND(),mu_r_5p,sig_r_5p))) | G11: =MAX(0,MIN(1,_xlfn.NORM.INV(RAND(),mu_r_5p,sig_r_5p))) | H11: =MAX(0,MIN(1,_xlfn.NORM.INV(RAND(),mu_r_5p,sig_r_5p))) | I11: =MAX(0,MIN(1,_xlfn.NORM.INV(RAND(),mu_r_5p,sig_r_5p))) | J11: =MAX(0,MIN(1,_xlfn.NORM.INV(RAND(),mu_r_5p,sig_r_5p))) | K11: =MAX(0,MIN(1,_xlfn.NORM.INV(RAND(),mu_r_5p,sig_r_5p)))
A12: 10 | B12: =0 | C12: =MAX(0,MIN(1,_xlfn.NORM.INV(RAND(),mu_r_24,sig_r_24))) | D12: =MAX(0,MIN(1,_xlfn.NORM.INV(RAND(),mu_r_24,sig_r_24))) | E12: =MAX(0,MIN(1,_xlfn.NORM.INV(RAND(),mu_r_24,sig_r_24))) | F12: =MAX(0,MIN(1,_xlfn.NORM.INV(RAND(),mu_r_5p,sig_r_5p))) | G12: =MAX(0,MIN(1,_xlfn.NORM.INV(RAND(),mu_r_5p,sig_r_5p))) | H12: =MAX(0,MIN(1,_xlfn.NORM.INV(RAND(),mu_r_5p,sig_r_5p))) | I12: =MAX(0,MIN(1,_xlfn.NORM.INV(RAND(),mu_r_5p,sig_r_5p))) | J12: =MAX(0,MIN(1,_xlfn.NORM.INV(RAND(),mu_r_5p,sig_r_5p))) | K12: =MAX(0,MIN(1,_xlfn.NORM.INV(RAND(),mu_r_5p,sig_r_5p)))
A13: 11 | B13: =0 | C13: =MAX(0,MIN(1,_xlfn.NORM.INV(RAND(),mu_r_24,sig_r_24))) | D13: =MAX(0,MIN(1,_xlfn.NORM.INV(RAND(),mu_r_24,sig_r_24))) | E13: =MAX(0,MIN(1,_xlfn.NORM.INV(RAND(),mu_r_24,sig_r_24))) | F13: =MAX(0,MIN(1,_xlfn.NORM.INV(RAND(),mu_r_5p,sig_r_5p))) | G13: =MAX(0,MIN(1,_xlfn.NORM.INV(RAND(),mu_r_5p,sig_r_5p))) | H13: =MAX(0,MIN(1,_xlfn.NORM.INV(RAND(),mu_r_5p,sig_r_5p))) | I13: =MAX(0,MIN(1,_xlfn.NORM.INV(RAND(),mu_r_5p,sig_r_5p))) | J13: =MAX(0,MIN(1,_xlfn.NORM.INV(RAND(),mu_r_5p,sig_r_5p))) | K13: =MAX(0,MIN(1,_xlfn.NORM.INV(RAND(),mu_r_5p,sig_r_5p)))
... A32: 30 | B32: =0 | C32: =MAX(0,MIN(1,_xlfn.NORM.INV(RAND(),mu_r_24,sig_r_24))) | D32: =MAX(0,MIN(1,_xlfn.NORM.INV(RAND(),mu_r_24,sig_r_24))) | E32: =MAX(0,MIN(1,_xlfn.NORM.INV(RAND(),mu_r_24,sig_r_24))) | F32: =MAX(0,MIN(1,_xlfn.NORM.INV(RAND(),mu_r_5p,sig_r_5p))) | G32: =MAX(0,MIN(1,_xlfn.NORM.INV(RAND(),mu_r_5p,sig_r_5p))) | H32: =MAX(0,MIN(1,_xlfn.NORM.INV(RAND(),mu_r_5p,sig_r_5p))) | I32: =MAX(0,MIN(1,_xlfn.NORM.INV(RAND(),mu_r_5p,sig_r_5p))) | J32: =MAX(0,MIN(1,_xlfn.NORM.INV(RAND(),mu_r_5p,sig_r_5p))) | K32: =MAX(0,MIN(1,_xlfn.NORM.INV(RAND(),mu_r_5p,sig_r_5p)))

Sheet m_st
A1: t \ a | B1: a=1 | C1: a=2 | D1: a=3 | E1: a=4 | F1: a=5 | G1: a=6 | H1: a=7 | I1: a=8 | J1: a=9 | K1: a=10
A2: 0 | B2: =MAX(0,MIN(1,_xlfn.NORM.INV(RAND(),mu_m_13,sig_m_13))) | C2: =MAX(0,MIN(1,_xlfn.NORM.INV(RAND(),mu_m_13,sig_m_13))) | D2: =MAX(0,MIN(1,_xlfn.NORM.INV(RAND(),mu_m_13,sig_m_13))) | E2: =MAX(0,MIN(1,_xlfn.NORM.INV(RAND(),mu_m_45,sig_m_45))) | F2: =MAX(0,MIN(1,_xlfn.NORM.INV(RAND(),mu_m_45,sig_m_45))) | G2: =MAX(0,MIN(1,_xlfn.NORM.INV(RAND(),mu_m_6p,sig_m_6p))) | H2: =MAX(0,MIN(1,_xlfn.NORM.INV(RAND(),mu_m_6p,sig_m_6p))) | I2: =MAX(0,MIN(1,_xlfn.NORM.INV(RAND(),mu_m_6p,sig_m_6p))) | J2: =MAX(0,MIN(1,_xlfn.NORM.INV(RAND(),mu_m_6p,sig_m_6p))) | K2: =MAX(0,MIN(1,_xlfn.NORM.INV(RAND(),mu_m_6p,sig_m_6p)))
A3: 1 | B3: =MAX(0,MIN(1,_xlfn.NORM.INV(RAND(),mu_m_13,sig_m_13))) | C3: =MAX(0,MIN(1,_xlfn.NORM.INV(RAND(),mu_m_13,sig_m_13))) | D3: =MAX(0,MIN(1,_xlfn.NORM.INV(RAND(),mu_m_13,sig_m_13))) | E3: =MAX(0,MIN(1,_xlfn.NORM.INV(RAND(),mu_m_45,sig_m_45))) | F3: =MAX(0,MIN(1,_xlfn.NORM.INV(RAND(),mu_m_45,sig_m_45))) | G3: =MAX(0,MIN(1,_xlfn.NORM.INV(RAND(),mu_m_6p,sig_m_6p))) | H3: =MAX(0,MIN(1,_xlfn.NORM.INV(RAND(),mu_m_6p,sig_m_6p))) | I3: =MAX(0,MIN(1,_xlfn.NORM.INV(RAND(),mu_m_6p,sig_m_6p))) | J3: =MAX(0,MIN(1,_xlfn.NORM.INV(RAND(),mu_m_6p,sig_m_6p))) | K3: =MAX(0,MIN(1,_xlfn.NORM.INV(RAND(),mu_m_6p,sig_m_6p)))
A4: 2 | B4: =MAX(0,MIN(1,_xlfn.NORM.INV(RAND(),mu_m_13,sig_m_13))) | C4: =MAX(0,MIN(1,_xlfn.NORM.INV(RAND(),mu_m_13,sig_m_13))) | D4: =MAX(0,MIN(1,_xlfn.NORM.INV(RAND(),mu_m_13,sig_m_13))) | E4: =MAX(0,MIN(1,_xlfn.NORM.INV(RAND(),mu_m_45,sig_m_45))) | F4: =MAX(0,MIN(1,_xlfn.NORM.INV(RAND(),mu_m_45,sig_m_45))) | G4: =MAX(0,MIN(1,_xlfn.NORM.INV(RAND(),mu_m_6p,sig_m_6p))) | H4: =MAX(0,MIN(1,_xlfn.NORM.INV(RAND(),mu_m_6p,sig_m_6p))) | I4: =MAX(0,MIN(1,_xlfn.NORM.INV(RAND(),mu_m_6p,sig_m_6p))) | J4: =MAX(0,MIN(1,_xlfn.NORM.INV(RAND(),mu_m_6p,sig_m_6p))) | K4: =MAX(0,MIN(1,_xlfn.NORM.INV(RAND(),mu_m_6p,sig_m_6p)))
A5: 3 | B5: =MAX(0,MIN(1,_xlfn.NORM.INV(RAND(),mu_m_13,sig_m_13))) | C5: =MAX(0,MIN(1,_xlfn.NORM.INV(RAND(),mu_m_13,sig_m_13))) | D5: =MAX(0,MIN(1,_xlfn.NORM.INV(RAND(),mu_m_13,sig_m_13))) | E5: =MAX(0,MIN(1,_xlfn.NORM.INV(RAND(),mu_m_45,sig_m_45))) | F5: =MAX(0,MIN(1,_xlfn.NORM.INV(RAND(),mu_m_45,sig_m_45))) | G5: =MAX(0,MIN(1,_xlfn.NORM.INV(RAND(),mu_m_6p,sig_m_6p))) | H5: =MAX(0,MIN(1,_xlfn.NORM.INV(RAND(),mu_m_6p,sig_m_6p))) | I5: =MAX(0,MIN(1,_xlfn.NORM.INV(RAND(),mu_m_6p,sig_m_6p))) | J5: =MAX(0,MIN(1,_xlfn.NORM.INV(RAND(),mu_m_6p,sig_m_6p))) | K5: =MAX(0,MIN(1,_xlfn.NORM.INV(RAND(),mu_m_6p,sig_m_6p)))
A6: 4 | B6: =MAX(0,MIN(1,_xlfn.NORM.INV(RAND(),mu_m_13,sig_m_13))) | C6: =MAX(0,MIN(1,_xlfn.NORM.INV(RAND(),mu_m_13,sig_m_13))) | D6: =MAX(0,MIN(1,_xlfn.NORM.INV(RAND(),mu_m_13,sig_m_13))) | E6: =MAX(0,MIN(1,_xlfn.NORM.INV(RAND(),mu_m_45,sig_m_45))) | F6: =MAX(0,MIN(1,_xlfn.NORM.INV(RAND(),mu_m_45,sig_m_45))) | G6: =MAX(0,MIN(1,_xlfn.NORM.INV(RAND(),mu_m_6p,sig_m_6p))) | H6: =MAX(0,MIN(1,_xlfn.NORM.INV(RAND(),mu_m_6p,sig_m_6p))) | I6: =MAX(0,MIN(1,_xlfn.NORM.INV(RAND(),mu_m_6p,sig_m_6p))) | J6: =MAX(0,MIN(1,_xlfn.NORM.INV(RAND(),mu_m_6p,sig_m_6p))) | K6: =MAX(0,MIN(1,_xlfn.NORM.INV(RAND(),mu_m_6p,sig_m_6p)))
A7: 5 | B7: =MAX(0,MIN(1,_xlfn.NORM.INV(RAND(),mu_m_13,sig_m_13))) | C7: =MAX(0,MIN(1,_xlfn.NORM.INV(RAND(),mu_m_13,sig_m_13))) | D7: =MAX(0,MIN(1,_xlfn.NORM.INV(RAND(),mu_m_13,sig_m_13))) | E7: =MAX(0,MIN(1,_xlfn.NORM.INV(RAND(),mu_m_45,sig_m_45))) | F7: =MAX(0,MIN(1,_xlfn.NORM.INV(RAND(),mu_m_45,sig_m_45))) | G7: =MAX(0,MIN(1,_xlfn.NORM.INV(RAND(),mu_m_6p,sig_m_6p))) | H7: =MAX(0,MIN(1,_xlfn.NORM.INV(RAND(),mu_m_6p,sig_m_6p))) | I7: =MAX(0,MIN(1,_xlfn.NORM.INV(RAND(),mu_m_6p,sig_m_6p))) | J7: =MAX(0,MIN(1,_xlfn.NORM.INV(RAND(),mu_m_6p,sig_m_6p))) | K7: =MAX(0,MIN(1,_xlfn.NORM.INV(RAND(),mu_m_6p,sig_m_6p)))
A8: 6 | B8: =MAX(0,MIN(1,_xlfn.NORM.INV(RAND(),mu_m_13,sig_m_13))) | C8: =MAX(0,MIN(1,_xlfn.NORM.INV(RAND(),mu_m_13,sig_m_13))) | D8: =MAX(0,MIN(1,_xlfn.NORM.INV(RAND(),mu_m_13,sig_m_13))) | E8: =MAX(0,MIN(1,_xlfn.NORM.INV(RAND(),mu_m_45,sig_m_45))) | F8: =MAX(0,MIN(1,_xlfn.NORM.INV(RAND(),mu_m_45,sig_m_45))) | G8: =MAX(0,MIN(1,_xlfn.NORM.INV(RAND(),mu_m_6p,sig_m_6p))) | H8: =MAX(0,MIN(1,_xlfn.NORM.INV(RAND(),mu_m_6p,sig_m_6p))) | I8: =MAX(0,MIN(1,_xlfn.NORM.INV(RAND(),mu_m_6p,sig_m_6p))) | J8: =MAX(0,MIN(1,_xlfn.NORM.INV(RAND(),mu_m_6p,sig_m_6p))) | K8: =MAX(0,MIN(1,_xlfn.NORM.INV(RAND(),mu_m_6p,sig_m_6p)))
A9: 7 | B9: =MAX(0,MIN(1,_xlfn.NORM.INV(RAND(),mu_m_13,sig_m_13))) | C9: =MAX(0,MIN(1,_xlfn.NORM.INV(RAND(),mu_m_13,sig_m_13))) | D9: =MAX(0,MIN(1,_xlfn.NORM.INV(RAND(),mu_m_13,sig_m_13))) | E9: =MAX(0,MIN(1,_xlfn.NORM.INV(RAND(),mu_m_45,sig_m_45))) | F9: =MAX(0,MIN(1,_xlfn.NORM.INV(RAND(),mu_m_45,sig_m_45))) | G9: =MAX(0,MIN(1,_xlfn.NORM.INV(RAND(),mu_m_6p,sig_m_6p))) | H9: =MAX(0,MIN(1,_xlfn.NORM.INV(RAND(),mu_m_6p,sig_m_6p))) | I9: =MAX(0,MIN(1,_xlfn.NORM.INV(RAND(),mu_m_6p,sig_m_6p))) | J9: =MAX(0,MIN(1,_xlfn.NORM.INV(RAND(),mu_m_6p,sig_m_6p))) | K9: =MAX(0,MIN(1,_xlfn.NORM.INV(RAND(),mu_m_6p,sig_m_6p)))
A10: 8 | B10: =MAX(0,MIN(1,_xlfn.NORM.INV(RAND(),mu_m_13,sig_m_13))) | C10: =MAX(0,MIN(1,_xlfn.NORM.INV(RAND(),mu_m_13,sig_m_13))) | D10: =MAX(0,MIN(1,_xlfn.NORM.INV(RAND(),mu_m_13,sig_m_13))) | E10: =MAX(0,MIN(1,_xlfn.NORM.INV(RAND(),mu_m_45,sig_m_45))) | F10: =MAX(0,MIN(1,_xlfn.NORM.INV(RAND(),mu_m_45,sig_m_45))) | G10: =MAX(0,MIN(1,_xlfn.NORM.INV(RAND(),mu_m_6p,sig_m_6p))) | H10: =MAX(0,MIN(1,_xlfn.NORM.INV(RAND(),mu_m_6p,sig_m_6p))) | I10: =MAX(0,MIN(1,_xlfn.NORM.INV(RAND(),mu_m_6p,sig_m_6p))) | J10: =MAX(0,MIN(1,_xlfn.NORM.INV(RAND(),mu_m_6p,sig_m_6p))) | K10: =MAX(0,MIN(1,_xlfn.NORM.INV(RAND(),mu_m_6p,sig_m_6p)))
A11: 9 | B11: =MAX(0,MIN(1,_xlfn.NORM.INV(RAND(),mu_m_13,sig_m_13))) | C11: =MAX(0,MIN(1,_xlfn.NORM.INV(RAND(),mu_m_13,sig_m_13))) | D11: =MAX(0,MIN(1,_xlfn.NORM.INV(RAND(),mu_m_13,sig_m_13))) | E11: =MAX(0,MIN(1,_xlfn.NORM.INV(RAND(),mu_m_45,sig_m_45))) | F11: =MAX(0,MIN(1,_xlfn.NORM.INV(RAND(),mu_m_45,sig_m_45))) | G11: =MAX(0,MIN(1,_xlfn.NORM.INV(RAND(),mu_m_6p,sig_m_6p))) | H11: =MAX(0,MIN(1,_xlfn.NORM.INV(RAND(),mu_m_6p,sig_m_6p))) | I11: =MAX(0,MIN(1,_xlfn.NORM.INV(RAND(),mu_m_6p,sig_m_6p))) | J11: =MAX(0,MIN(1,_xlfn.NORM.INV(RAND(),mu_m_6p,sig_m_6p))) | K11: =MAX(0,MIN(1,_xlfn.NORM.INV(RAND(),mu_m_6p,sig_m_6p)))
A12: 10 | B12: =MAX(0,MIN(1,_xlfn.NORM.INV(RAND(),mu_m_13,sig_m_13))) | C12: =MAX(0,MIN(1,_xlfn.NORM.INV(RAND(),mu_m_13,sig_m_13))) | D12: =MAX(0,MIN(1,_xlfn.NORM.INV(RAND(),mu_m_13,sig_m_13))) | E12: =MAX(0,MIN(1,_xlfn.NORM.INV(RAND(),mu_m_45,sig_m_45))) | F12: =MAX(0,MIN(1,_xlfn.NORM.INV(RAND(),mu_m_45,sig_m_45))) | G12: =MAX(0,MIN(1,_xlfn.NORM.INV(RAND(),mu_m_6p,sig_m_6p))) | H12: =MAX(0,MIN(1,_xlfn.NORM.INV(RAND(),mu_m_6p,sig_m_6p))) | I12: =MAX(0,MIN(1,_xlfn.NORM.INV(RAND(),mu_m_6p,sig_m_6p))) | J12: =MAX(0,MIN(1,_xlfn.NORM.INV(RAND(),mu_m_6p,sig_m_6p))) | K12: =MAX(0,MIN(1,_xlfn.NORM.INV(RAND(),mu_m_6p,sig_m_6p)))
A13: 11 | B13: =MAX(0,MIN(1,_xlfn.NORM.INV(RAND(),mu_m_13,sig_m_13))) | C13: =MAX(0,MIN(1,_xlfn.NORM.INV(RAND(),mu_m_13,sig_m_13))) | D13: =MAX(0,MIN(1,_xlfn.NORM.INV(RAND(),mu_m_13,sig_m_13))) | E13: =MAX(0,MIN(1,_xlfn.NORM.INV(RAND(),mu_m_45,sig_m_45))) | F13: =MAX(0,MIN(1,_xlfn.NORM.INV(RAND(),mu_m_45,sig_m_45))) | G13: =MAX(0,MIN(1,_xlfn.NORM.INV(RAND(),mu_m_6p,sig_m_6p))) | H13: =MAX(0,MIN(1,_xlfn.NORM.INV(RAND(),mu_m_6p,sig_m_6p))) | I13: =MAX(0,MIN(1,_xlfn.NORM.INV(RAND(),mu_m_6p,sig_m_6p))) | J13: =MAX(0,MIN(1,_xlfn.NORM.INV(RAND(),mu_m_6p,sig_m_6p))) | K13: =MAX(0,MIN(1,_xlfn.NORM.INV(RAND(),mu_m_6p,sig_m_6p)))
... A32: 30 | B32: =MAX(0,MIN(1,_xlfn.NORM.INV(RAND(),mu_m_13,sig_m_13))) | C32: =MAX(0,MIN(1,_xlfn.NORM.INV(RAND(),mu_m_13,sig_m_13))) | D32: =MAX(0,MIN(1,_xlfn.NORM.INV(RAND(),mu_m_13,sig_m_13))) | E32: =MAX(0,MIN(1,_xlfn.NORM.INV(RAND(),mu_m_45,sig_m_45))) | F32: =MAX(0,MIN(1,_xlfn.NORM.INV(RAND(),mu_m_45,sig_m_45))) | G32: =MAX(0,MIN(1,_xlfn.NORM.INV(RAND(),mu_m_6p,sig_m_6p))) | H32: =MAX(0,MIN(1,_xlfn.NORM.INV(RAND(),mu_m_6p,sig_m_6p))) | I32: =MAX(0,MIN(1,_xlfn.NORM.INV(RAND(),mu_m_6p,sig_m_6p))) | J32: =MAX(0,MIN(1,_xlfn.NORM.INV(RAND(),mu_m_6p,sig_m_6p))) | K32: =MAX(0,MIN(1,_xlfn.NORM.INV(RAND(),mu_m_6p,sig_m_6p)))

Sheet pca
A1: t \ a | B1: a=1 | C1: a=2 | D1: a=3 | E1: a=4 | F1: a=5 | G1: a=6 | H1: a=7 | I1: a=8 | J1: a=9 | K1: a=10
A2: 0 | B2: 0 | C2: 0 | D2: 0 | E2: 0 | F2: 0 | G2: 0 | H2: 0 | I2: 0 | J2: 0 | K2: 0
A3: 1 | B3: =IFERROR(_xlfn.BINOM.INV(MAX(0,z!B2),MAX(0,MIN(1,pch!B2)),RAND()),0) | C3: =IFERROR(_xlfn.BINOM.INV(MAX(0,z!C2),MAX(0,MIN(1,pch!B2)),RAND()),0) | D3: =IFERROR(_xlfn.BINOM.INV(MAX(0,z!D2),MAX(0,MIN(1,pch!B2)),RAND()),0) | E3: =IFERROR(_xlfn.BINOM.INV(MAX(0,z!E2),MAX(0,MIN(1,pch!B2)),RAND()),0) | F3: =IFERROR(_xlfn.BINOM.INV(MAX(0,z!F2),MAX(0,MIN(1,pch!B2)),RAND()),0) | G3: =IFERROR(_xlfn.BINOM.INV(MAX(0,z!G2),MAX(0,MIN(1,pch!B2)),RAND()),0) | H3: =IFERROR(_xlfn.BINOM.INV(MAX(0,z!H2),MAX(0,MIN(1,pch!B2)),RAND()),0) | I3: =IFERROR(_xlfn.BINOM.INV(MAX(0,z!I2),MAX(0,MIN(1,pch!B2)),RAND()),0) | J3: =IFERROR(_xlfn.BINOM.INV(MAX(0,z!J2),MAX(0,MIN(1,pch!B2)),RAND()),0) | K3: =IFERROR(_xlfn.BINOM.INV(MAX(0,z!K2),MAX(0,MIN(1,pch!B2)),RAND()),0)
A4: 2 | B4: =IFERROR(_xlfn.BINOM.INV(MAX(0,z!B3),MAX(0,MIN(1,pch!B3)),RAND()),0) | C4: =IFERROR(_xlfn.BINOM.INV(MAX(0,z!C3),MAX(0,MIN(1,pch!B3)),RAND()),0) | D4: =IFERROR(_xlfn.BINOM.INV(MAX(0,z!D3),MAX(0,MIN(1,pch!B3)),RAND()),0) | E4: =IFERROR(_xlfn.BINOM.INV(MAX(0,z!E3),MAX(0,MIN(1,pch!B3)),RAND()),0) | F4: =IFERROR(_xlfn.BINOM.INV(MAX(0,z!F3),MAX(0,MIN(1,pch!B3)),RAND()),0) | G4: =IFERROR(_xlfn.BINOM.INV(MAX(0,z!G3),MAX(0,MIN(1,pch!B3)),RAND()),0) | H4: =IFERROR(_xlfn.BINOM.INV(MAX(0,z!H3),MAX(0,MIN(1,pch!B3)),RAND()),0) | I4: =IFERROR(_xlfn.BINOM.INV(MAX(0,z!I3),MAX(0,MIN(1,pch!B3)),RAND()),0) | J4: =IFERROR(_xlfn.BINOM.INV(MAX(0,z!J3),MAX(0,MIN(1,pch!B3)),RAND()),0) | K4: =IFERROR(_xlfn.BINOM.INV(MAX(0,z!K3),MAX(0,MIN(1,pch!B3)),RAND()),0)
A5: 3 | B5: =IFERROR(_xlfn.BINOM.INV(MAX(0,z!B4),MAX(0,MIN(1,pch!B4)),RAND()),0) | C5: =IFERROR(_xlfn.BINOM.INV(MAX(0,z!C4),MAX(0,MIN(1,pch!B4)),RAND()),0) | D5: =IFERROR(_xlfn.BINOM.INV(MAX(0,z!D4),MAX(0,MIN(1,pch!B4)),RAND()),0) | E5: =IFERROR(_xlfn.BINOM.INV(MAX(0,z!E4),MAX(0,MIN(1,pch!B4)),RAND()),0) | F5: =IFERROR(_xlfn.BINOM.INV(MAX(0,z!F4),MAX(0,MIN(1,pch!B4)),RAND()),0) | G5: =IFERROR(_xlfn.BINOM.INV(MAX(0,z!G4),MAX(0,MIN(1,pch!B4)),RAND()),0) | H5: =IFERROR(_xlfn.BINOM.INV(MAX(0,z!H4),MAX(0,MIN(1,pch!B4)),RAND()),0) | I5: =IFERROR(_xlfn.BINOM.INV(MAX(0,z!I4),MAX(0,MIN(1,pch!B4)),RAND()),0) | J5: =IFERROR(_xlfn.BINOM.INV(MAX(0,z!J4),MAX(0,MIN(1,pch!B4)),RAND()),0) | K5: =IFERROR(_xlfn.BINOM.INV(MAX(0,z!K4),MAX(0,MIN(1,pch!B4)),RAND()),0)
A6: 4 | B6: =IFERROR(_xlfn.BINOM.INV(MAX(0,z!B5),MAX(0,MIN(1,pch!B5)),RAND()),0) | C6: =IFERROR(_xlfn.BINOM.INV(MAX(0,z!C5),MAX(0,MIN(1,pch!B5)),RAND()),0) | D6: =IFERROR(_xlfn.BINOM.INV(MAX(0,z!D5),MAX(0,MIN(1,pch!B5)),RAND()),0) | E6: =IFERROR(_xlfn.BINOM.INV(MAX(0,z!E5),MAX(0,MIN(1,pch!B5)),RAND()),0) | F6: =IFERROR(_xlfn.BINOM.INV(MAX(0,z!F5),MAX(0,MIN(1,pch!B5)),RAND()),0) | G6: =IFERROR(_xlfn.BINOM.INV(MAX(0,z!G5),MAX(0,MIN(1,pch!B5)),RAND()),0) | H6: =IFERROR(_xlfn.BINOM.INV(MAX(0,z!H5),MAX(0,MIN(1,pch!B5)),RAND()),0) | I6: =IFERROR(_xlfn.BINOM.INV(MAX(0,z!I5),MAX(0,MIN(1,pch!B5)),RAND()),0) | J6: =IFERROR(_xlfn.BINOM.INV(MAX(0,z!J5),MAX(0,MIN(1,pch!B5)),RAND()),0) | K6: =IFERROR(_xlfn.BINOM.INV(MAX(0,z!K5),MAX(0,MIN(1,pch!B5)),RAND()),0)
A7: 5 | B7: =IFERROR(_xlfn.BINOM.INV(MAX(0,z!B6),MAX(0,MIN(1,pch!B6)),RAND()),0) | C7: =IFERROR(_xlfn.BINOM.INV(MAX(0,z!C6),MAX(0,MIN(1,pch!B6)),RAND()),0) | D7: =IFERROR(_xlfn.BINOM.INV(MAX(0,z!D6),MAX(0,MIN(1,pch!B6)),RAND()),0) | E7: =IFERROR(_xlfn.BINOM.INV(MAX(0,z!E6),MAX(0,MIN(1,pch!B6)),RAND()),0) | F7: =IFERROR(_xlfn.BINOM.INV(MAX(0,z!F6),MAX(0,MIN(1,pch!B6)),RAND()),0) | G7: =IFERROR(_xlfn.BINOM.INV(MAX(0,z!G6),MAX(0,MIN(1,pch!B6)),RAND()),0) | H7: =IFERROR(_xlfn.BINOM.INV(MAX(0,z!H6),MAX(0,MIN(1,pch!B6)),RAND()),0) | I7: =IFERROR(_xlfn.BINOM.INV(MAX(0,z!I6),MAX(0,MIN(1,pch!B6)),RAND()),0) | J7: =IFERROR(_xlfn.BINOM.INV(MAX(0,z!J6),MAX(0,MIN(1,pch!B6)),RAND()),0) | K7: =IFERROR(_xlfn.BINOM.INV(MAX(0,z!K6),MAX(0,MIN(1,pch!B6)),RAND()),0)
A8: 6 | B8: =IFERROR(_xlfn.BINOM.INV(MAX(0,z!B7),MAX(0,MIN(1,pch!B7)),RAND()),0) | C8: =IFERROR(_xlfn.BINOM.INV(MAX(0,z!C7),MAX(0,MIN(1,pch!B7)),RAND()),0) | D8: =IFERROR(_xlfn.BINOM.INV(MAX(0,z!D7),MAX(0,MIN(1,pch!B7)),RAND()),0) | E8: =IFERROR(_xlfn.BINOM.INV(MAX(0,z!E7),MAX(0,MIN(1,pch!B7)),RAND()),0) | F8: =IFERROR(_xlfn.BINOM.INV(MAX(0,z!F7),MAX(0,MIN(1,pch!B7)),RAND()),0) | G8: =IFERROR(_xlfn.BINOM.INV(MAX(0,z!G7),MAX(0,MIN(1,pch!B7)),RAND()),0) | H8: =IFERROR(_xlfn.BINOM.INV(MAX(0,z!H7),MAX(0,MIN(1,pch!B7)),RAND()),0) | I8: =IFERROR(_xlfn.BINOM.INV(MAX(0,z!I7),MAX(0,MIN(1,pch!B7)),RAND()),0) | J8: =IFERROR(_xlfn.BINOM.INV(MAX(0,z!J7),MAX(0,MIN(1,pch!B7)),RAND()),0) | K8: =IFERROR(_xlfn.BINOM.INV(MAX(0,z!K7),MAX(0,MIN(1,pch!B7)),RAND()),0)
A9: 7 | B9: =IFERROR(_xlfn.BINOM.INV(MAX(0,z!B8),MAX(0,MIN(1,pch!B8)),RAND()),0) | C9: =IFERROR(_xlfn.BINOM.INV(MAX(0,z!C8),MAX(0,MIN(1,pch!B8)),RAND()),0) | D9: =IFERROR(_xlfn.BINOM.INV(MAX(0,z!D8),MAX(0,MIN(1,pch!B8)),RAND()),0) | E9: =IFERROR(_xlfn.BINOM.INV(MAX(0,z!E8),MAX(0,MIN(1,pch!B8)),RAND()),0) | F9: =IFERROR(_xlfn.BINOM.INV(MAX(0,z!F8),MAX(0,MIN(1,pch!B8)),RAND()),0) | G9: =IFERROR(_xlfn.BINOM.INV(MAX(0,z!G8),MAX(0,MIN(1,pch!B8)),RAND()),0) | H9: =IFERROR(_xlfn.BINOM.INV(MAX(0,z!H8),MAX(0,MIN(1,pch!B8)),RAND()),0) | I9: =IFERROR(_xlfn.BINOM.INV(MAX(0,z!I8),MAX(0,MIN(1,pch!B8)),RAND()),0) | J9: =IFERROR(_xlfn.BINOM.INV(MAX(0,z!J8),MAX(0,MIN(1,pch!B8)),RAND()),0) | K9: =IFERROR(_xlfn.BINOM.INV(MAX(0,z!K8),MAX(0,MIN(1,pch!B8)),RAND()),0)
A10: 8 | B10: =IFERROR(_xlfn.BINOM.INV(MAX(0,z!B9),MAX(0,MIN(1,pch!B9)),RAND()),0) | C10: =IFERROR(_xlfn.BINOM.INV(MAX(0,z!C9),MAX(0,MIN(1,pch!B9)),RAND()),0) | D10: =IFERROR(_xlfn.BINOM.INV(MAX(0,z!D9),MAX(0,MIN(1,pch!B9)),RAND()),0) | E10: =IFERROR(_xlfn.BINOM.INV(MAX(0,z!E9),MAX(0,MIN(1,pch!B9)),RAND()),0) | F10: =IFERROR(_xlfn.BINOM.INV(MAX(0,z!F9),MAX(0,MIN(1,pch!B9)),RAND()),0) | G10: =IFERROR(_xlfn.BINOM.INV(MAX(0,z!G9),MAX(0,MIN(1,pch!B9)),RAND()),0) | H10: =IFERROR(_xlfn.BINOM.INV(MAX(0,z!H9),MAX(0,MIN(1,pch!B9)),RAND()),0) | I10: =IFERROR(_xlfn.BINOM.INV(MAX(0,z!I9),MAX(0,MIN(1,pch!B9)),RAND()),0) | J10: =IFERROR(_xlfn.BINOM.INV(MAX(0,z!J9),MAX(0,MIN(1,pch!B9)),RAND()),0) | K10: =IFERROR(_xlfn.BINOM.INV(MAX(0,z!K9),MAX(0,MIN(1,pch!B9)),RAND()),0)
A11: 9 | B11: =IFERROR(_xlfn.BINOM.INV(MAX(0,z!B10),MAX(0,MIN(1,pch!B10)),RAND()),0) | C11: =IFERROR(_xlfn.BINOM.INV(MAX(0,z!C10),MAX(0,MIN(1,pch!B10)),RAND()),0) | D11: =IFERROR(_xlfn.BINOM.INV(MAX(0,z!D10),MAX(0,MIN(1,pch!B10)),RAND()),0) | E11: =IFERROR(_xlfn.BINOM.INV(MAX(0,z!E10),MAX(0,MIN(1,pch!B10)),RAND()),0) | F11: =IFERROR(_xlfn.BINOM.INV(MAX(0,z!F10),MAX(0,MIN(1,pch!B10)),RAND()),0) | G11: =IFERROR(_xlfn.BINOM.INV(MAX(0,z!G10),MAX(0,MIN(1,pch!B10)),RAND()),0) | H11: =IFERROR(_xlfn.BINOM.INV(MAX(0,z!H10),MAX(0,MIN(1,pch!B10)),RAND()),0) | I11: =IFERROR(_xlfn.BINOM.INV(MAX(0,z!I10),MAX(0,MIN(1,pch!B10)),RAND()),0) | J11: =IFERROR(_xlfn.BINOM.INV(MAX(0,z!J10),MAX(0,MIN(1,pch!B10)),RAND()),0) | K11: =IFERROR(_xlfn.BINOM.INV(MAX(0,z!K10),MAX(0,MIN(1,pch!B10)),RAND()),0)
A12: 10 | B12: =IFERROR(_xlfn.BINOM.INV(MAX(0,z!B11),MAX(0,MIN(1,pch!B11)),RAND()),0) | C12: =IFERROR(_xlfn.BINOM.INV(MAX(0,z!C11),MAX(0,MIN(1,pch!B11)),RAND()),0) | D12: =IFERROR(_xlfn.BINOM.INV(MAX(0,z!D11),MAX(0,MIN(1,pch!B11)),RAND()),0) | E12: =IFERROR(_xlfn.BINOM.INV(MAX(0,z!E11),MAX(0,MIN(1,pch!B11)),RAND()),0) | F12: =IFERROR(_xlfn.BINOM.INV(MAX(0,z!F11),MAX(0,MIN(1,pch!B11)),RAND()),0) | G12: =IFERROR(_xlfn.BINOM.INV(MAX(0,z!G11),MAX(0,MIN(1,pch!B11)),RAND()),0) | H12: =IFERROR(_xlfn.BINOM.INV(MAX(0,z!H11),MAX(0,MIN(1,pch!B11)),RAND()),0) | I12: =IFERROR(_xlfn.BINOM.INV(MAX(0,z!I11),MAX(0,MIN(1,pch!B11)),RAND()),0) | J12: =IFERROR(_xlfn.BINOM.INV(MAX(0,z!J11),MAX(0,MIN(1,pch!B11)),RAND()),0) | K12: =IFERROR(_xlfn.BINOM.INV(MAX(0,z!K11),MAX(0,MIN(1,pch!B11)),RAND()),0)
A13: 11 | B13: =IFERROR(_xlfn.BINOM.INV(MAX(0,z!B12),MAX(0,MIN(1,pch!B12)),RAND()),0) | C13: =IFERROR(_xlfn.BINOM.INV(MAX(0,z!C12),MAX(0,MIN(1,pch!B12)),RAND()),0) | D13: =IFERROR(_xlfn.BINOM.INV(MAX(0,z!D12),MAX(0,MIN(1,pch!B12)),RAND()),0) | E13: =IFERROR(_xlfn.BINOM.INV(MAX(0,z!E12),MAX(0,MIN(1,pch!B12)),RAND()),0) | F13: =IFERROR(_xlfn.BINOM.INV(MAX(0,z!F12),MAX(0,MIN(1,pch!B12)),RAND()),0) | G13: =IFERROR(_xlfn.BINOM.INV(MAX(0,z!G12),MAX(0,MIN(1,pch!B12)),RAND()),0) | H13: =IFERROR(_xlfn.BINOM.INV(MAX(0,z!H12),MAX(0,MIN(1,pch!B12)),RAND()),0) | I13: =IFERROR(_xlfn.BINOM.INV(MAX(0,z!I12),MAX(0,MIN(1,pch!B12)),RAND()),0) | J13: =IFERROR(_xlfn.BINOM.INV(MAX(0,z!J12),MAX(0,MIN(1,pch!B12)),RAND()),0) | K13: =IFERROR(_xlfn.BINOM.INV(MAX(0,z!K12),MAX(0,MIN(1,pch!B12)),RAND()),0)
A14: 12 | B14: =IFERROR(_xlfn.BINOM.INV(MAX(0,z!B13),MAX(0,MIN(1,pch!B13)),RAND()),0) | C14: =IFERROR(_xlfn.BINOM.INV(MAX(0,z!C13),MAX(0,MIN(1,pch!B13)),RAND()),0) | D14: =IFERROR(_xlfn.BINOM.INV(MAX(0,z!D13),MAX(0,MIN(1,pch!B13)),RAND()),0) | E14: =IFERROR(_xlfn.BINOM.INV(MAX(0,z!E13),MAX(0,MIN(1,pch!B13)),RAND()),0) | F14: =IFERROR(_xlfn.BINOM.INV(MAX(0,z!F13),MAX(0,MIN(1,pch!B13)),RAND()),0) | G14: =IFERROR(_xlfn.BINOM.INV(MAX(0,z!G13),MAX(0,MIN(1,pch!B13)),RAND()),0) | H14: =IFERROR(_xlfn.BINOM.INV(MAX(0,z!H13),MAX(0,MIN(1,pch!B13)),RAND()),0) | I14: =IFERROR(_xlfn.BINOM.INV(MAX(0,z!I13),MAX(0,MIN(1,pch!B13)),RAND()),0) | J14: =IFERROR(_xlfn.BINOM.INV(MAX(0,z!J13),MAX(0,MIN(1,pch!B13)),RAND()),0) | K14: =IFERROR(_xlfn.BINOM.INV(MAX(0,z!K13),MAX(0,MIN(1,pch!B13)),RAND()),0)
... A32: 30 | B32: =IFERROR(_xlfn.BINOM.INV(MAX(0,z!B31),MAX(0,MIN(1,pch!B31)),RAND()),0) | C32: =IFERROR(_xlfn.BINOM.INV(MAX(0,z!C31),MAX(0,MIN(1,pch!B31)),RAND()),0) | D32: =IFERROR(_xlfn.BINOM.INV(MAX(0,z!D31),MAX(0,MIN(1,pch!B31)),RAND()),0) | E32: =IFERROR(_xlfn.BINOM.INV(MAX(0,z!E31),MAX(0,MIN(1,pch!B31)),RAND()),0) | F32: =IFERROR(_xlfn.BINOM.INV(MAX(0,z!F31),MAX(0,MIN(1,pch!B31)),RAND()),0) | G32: =IFERROR(_xlfn.BINOM.INV(MAX(0,z!G31),MAX(0,MIN(1,pch!B31)),RAND()),0) | H32: =IFERROR(_xlfn.BINOM.INV(MAX(0,z!H31),MAX(0,MIN(1,pch!B31)),RAND()),0) | I32: =IFERROR(_xlfn.BINOM.INV(MAX(0,z!I31),MAX(0,MIN(1,pch!B31)),RAND()),0) | J32: =IFERROR(_xlfn.BINOM.INV(MAX(0,z!J31),MAX(0,MIN(1,pch!B31)),RAND()),0) | K32: =IFERROR(_xlfn.BINOM.INV(MAX(0,z!K31),MAX(0,MIN(1,pch!B31)),RAND()),0)

Sheet pu
A1: t \ a | B1: a=1 | C1: a=2 | D1: a=3 | E1: a=4 | F1: a=5 | G1: a=6 | H1: a=7 | I1: a=8 | J1: a=9 | K1: a=10
A2: 0 | B2: 0 | C2: 0 | D2: 0 | E2: 0 | F2: 0 | G2: 0 | H2: 0 | I2: 0 | J2: 0 | K2: 0
A3: 1 | B3: =IFERROR(_xlfn.BINOM.INV(MAX(0,cb!B2),MAX(0,MIN(1,m_st!B3)),RAND()),0) | C3: =IFERROR(_xlfn.BINOM.INV(MAX(0,cb!C2),MAX(0,MIN(1,m_st!C3)),RAND()),0) | D3: =IFERROR(_xlfn.BINOM.INV(MAX(0,cb!D2),MAX(0,MIN(1,m_st!D3)),RAND()),0) | E3: =IFERROR(_xlfn.BINOM.INV(MAX(0,cb!E2),MAX(0,MIN(1,m_st!E3)),RAND()),0) | F3: =IFERROR(_xlfn.BINOM.INV(MAX(0,cb!F2),MAX(0,MIN(1,m_st!F3)),RAND()),0) | G3: =IFERROR(_xlfn.BINOM.INV(MAX(0,cb!G2),MAX(0,MIN(1,m_st!G3)),RAND()),0) | H3: =IFERROR(_xlfn.BINOM.INV(MAX(0,cb!H2),MAX(0,MIN(1,m_st!H3)),RAND()),0) | I3: =IFERROR(_xlfn.BINOM.INV(MAX(0,cb!I2),MAX(0,MIN(1,m_st!I3)),RAND()),0) | ... K3: =IFERROR(_xlfn.BINOM.INV(MAX(0,cb!K2),MAX(0,MIN(1,m_st!K3)),RAND()),0)
A4: 2 | B4: =IFERROR(_xlfn.BINOM.INV(MAX(0,cb!B3),MAX(0,MIN(1,m_st!B4)),RAND()),0) | C4: =IFERROR(_xlfn.BINOM.INV(MAX(0,cb!C3),MAX(0,MIN(1,m_st!C4)),RAND()),0) | D4: =IFERROR(_xlfn.BINOM.INV(MAX(0,cb!D3),MAX(0,MIN(1,m_st!D4)),RAND()),0) | E4: =IFERROR(_xlfn.BINOM.INV(MAX(0,cb!E3),MAX(0,MIN(1,m_st!E4)),RAND()),0) | F4: =IFERROR(_xlfn.BINOM.INV(MAX(0,cb!F3),MAX(0,MIN(1,m_st!F4)),RAND()),0) | G4: =IFERROR(_xlfn.BINOM.INV(MAX(0,cb!G3),MAX(0,MIN(1,m_st!G4)),RAND()),0) | H4: =IFERROR(_xlfn.BINOM.INV(MAX(0,cb!H3),MAX(0,MIN(1,m_st!H4)),RAND()),0) | I4: =IFERROR(_xlfn.BINOM.INV(MAX(0,cb!I3),MAX(0,MIN(1,m_st!I4)),RAND()),0) | ... K4: =IFERROR(_xlfn.BINOM.INV(MAX(0,cb!K3),MAX(0,MIN(1,m_st!K4)),RAND()),0)
A5: 3 | B5: =IFERROR(_xlfn.BINOM.INV(MAX(0,cb!B4),MAX(0,MIN(1,m_st!B5)),RAND()),0) | C5: =IFERROR(_xlfn.BINOM.INV(MAX(0,cb!C4),MAX(0,MIN(1,m_st!C5)),RAND()),0) | D5: =IFERROR(_xlfn.BINOM.INV(MAX(0,cb!D4),MAX(0,MIN(1,m_st!D5)),RAND()),0) | E5: =IFERROR(_xlfn.BINOM.INV(MAX(0,cb!E4),MAX(0,MIN(1,m_st!E5)),RAND()),0) | F5: =IFERROR(_xlfn.BINOM.INV(MAX(0,cb!F4),MAX(0,MIN(1,m_st!F5)),RAND()),0) | G5: =IFERROR(_xlfn.BINOM.INV(MAX(0,cb!G4),MAX(0,MIN(1,m_st!G5)),RAND()),0) | H5: =IFERROR(_xlfn.BINOM.INV(MAX(0,cb!H4),MAX(0,MIN(1,m_st!H5)),RAND()),0) | I5: =IFERROR(_xlfn.BINOM.INV(MAX(0,cb!I4),MAX(0,MIN(1,m_st!I5)),RAND()),0) | ... K5: =IFERROR(_xlfn.BINOM.INV(MAX(0,cb!K4),MAX(0,MIN(1,m_st!K5)),RAND()),0)
A6: 4 | B6: =IFERROR(_xlfn.BINOM.INV(MAX(0,cb!B5),MAX(0,MIN(1,m_st!B6)),RAND()),0) | C6: =IFERROR(_xlfn.BINOM.INV(MAX(0,cb!C5),MAX(0,MIN(1,m_st!C6)),RAND()),0) | D6: =IFERROR(_xlfn.BINOM.INV(MAX(0,cb!D5),MAX(0,MIN(1,m_st!D6)),RAND()),0) | E6: =IFERROR(_xlfn.BINOM.INV(MAX(0,cb!E5),MAX(0,MIN(1,m_st!E6)),RAND()),0) | F6: =IFERROR(_xlfn.BINOM.INV(MAX(0,cb!F5),MAX(0,MIN(1,m_st!F6)),RAND()),0) | G6: =IFERROR(_xlfn.BINOM.INV(MAX(0,cb!G5),MAX(0,MIN(1,m_st!G6)),RAND()),0) | H6: =IFERROR(_xlfn.BINOM.INV(MAX(0,cb!H5),MAX(0,MIN(1,m_st!H6)),RAND()),0) | I6: =IFERROR(_xlfn.BINOM.INV(MAX(0,cb!I5),MAX(0,MIN(1,m_st!I6)),RAND()),0) | ... K6: =IFERROR(_xlfn.BINOM.INV(MAX(0,cb!K5),MAX(0,MIN(1,m_st!K6)),RAND()),0)
A7: 5 | B7: =IFERROR(_xlfn.BINOM.INV(MAX(0,cb!B6),MAX(0,MIN(1,m_st!B7)),RAND()),0) | C7: =IFERROR(_xlfn.BINOM.INV(MAX(0,cb!C6),MAX(0,MIN(1,m_st!C7)),RAND()),0) | D7: =IFERROR(_xlfn.BINOM.INV(MAX(0,cb!D6),MAX(0,MIN(1,m_st!D7)),RAND()),0) | E7: =IFERROR(_xlfn.BINOM.INV(MAX(0,cb!E6),MAX(0,MIN(1,m_st!E7)),RAND()),0) | F7: =IFERROR(_xlfn.BINOM.INV(MAX(0,cb!F6),MAX(0,MIN(1,m_st!F7)),RAND()),0) | G7: =IFERROR(_xlfn.BINOM.INV(MAX(0,cb!G6),MAX(0,MIN(1,m_st!G7)),RAND()),0) | H7: =IFERROR(_xlfn.BINOM.INV(MAX(0,cb!H6),MAX(0,MIN(1,m_st!H7)),RAND()),0) | I7: =IFERROR(_xlfn.BINOM.INV(MAX(0,cb!I6),MAX(0,MIN(1,m_st!I7)),RAND()),0) | ... K7: =IFERROR(_xlfn.BINOM.INV(MAX(0,cb!K6),MAX(0,MIN(1,m_st!K7)),RAND()),0)
A8: 6 | B8: =IFERROR(_xlfn.BINOM.INV(MAX(0,cb!B7),MAX(0,MIN(1,m_st!B8)),RAND()),0) | C8: =IFERROR(_xlfn.BINOM.INV(MAX(0,cb!C7),MAX(0,MIN(1,m_st!C8)),RAND()),0) | D8: =IFERROR(_xlfn.BINOM.INV(MAX(0,cb!D7),MAX(0,MIN(1,m_st!D8)),RAND()),0) | E8: =IFERROR(_xlfn.BINOM.INV(MAX(0,cb!E7),MAX(0,MIN(1,m_st!E8)),RAND()),0) | F8: =IFERROR(_xlfn.BINOM.INV(MAX(0,cb!F7),MAX(0,MIN(1,m_st!F8)),RAND()),0) | G8: =IFERROR(_xlfn.BINOM.INV(MAX(0,cb!G7),MAX(0,MIN(1,m_st!G8)),RAND()),0) | H8: =IFERROR(_xlfn.BINOM.INV(MAX(0,cb!H7),MAX(0,MIN(1,m_st!H8)),RAND()),0) | I8: =IFERROR(_xlfn.BINOM.INV(MAX(0,cb!I7),MAX(0,MIN(1,m_st!I8)),RAND()),0) | ... K8: =IFERROR(_xlfn.BINOM.INV(MAX(0,cb!K7),MAX(0,MIN(1,m_st!K8)),RAND()),0)
A9: 7 | B9: =IFERROR(_xlfn.BINOM.INV(MAX(0,cb!B8),MAX(0,MIN(1,m_st!B9)),RAND()),0) | C9: =IFERROR(_xlfn.BINOM.INV(MAX(0,cb!C8),MAX(0,MIN(1,m_st!C9)),RAND()),0) | D9: =IFERROR(_xlfn.BINOM.INV(MAX(0,cb!D8),MAX(0,MIN(1,m_st!D9)),RAND()),0) | E9: =IFERROR(_xlfn.BINOM.INV(MAX(0,cb!E8),MAX(0,MIN(1,m_st!E9)),RAND()),0) | F9: =IFERROR(_xlfn.BINOM.INV(MAX(0,cb!F8),MAX(0,MIN(1,m_st!F9)),RAND()),0) | G9: =IFERROR(_xlfn.BINOM.INV(MAX(0,cb!G8),MAX(0,MIN(1,m_st!G9)),RAND()),0) | H9: =IFERROR(_xlfn.BINOM.INV(MAX(0,cb!H8),MAX(0,MIN(1,m_st!H9)),RAND()),0) | I9: =IFERROR(_xlfn.BINOM.INV(MAX(0,cb!I8),MAX(0,MIN(1,m_st!I9)),RAND()),0) | ... K9: =IFERROR(_xlfn.BINOM.INV(MAX(0,cb!K8),MAX(0,MIN(1,m_st!K9)),RAND()),0)
A10: 8 | B10: =IFERROR(_xlfn.BINOM.INV(MAX(0,cb!B9),MAX(0,MIN(1,m_st!B10)),RAND()),0) | C10: =IFERROR(_xlfn.BINOM.INV(MAX(0,cb!C9),MAX(0,MIN(1,m_st!C10)),RAND()),0) | D10: =IFERROR(_xlfn.BINOM.INV(MAX(0,cb!D9),MAX(0,MIN(1,m_st!D10)),RAND()),0) | E10: =IFERROR(_xlfn.BINOM.INV(MAX(0,cb!E9),MAX(0,MIN(1,m_st!E10)),RAND()),0) | F10: =IFERROR(_xlfn.BINOM.INV(MAX(0,cb!F9),MAX(0,MIN(1,m_st!F10)),RAND()),0) | G10: =IFERROR(_xlfn.BINOM.INV(MAX(0,cb!G9),MAX(0,MIN(1,m_st!G10)),RAND()),0) | H10: =IFERROR(_xlfn.BINOM.INV(MAX(0,cb!H9),MAX(0,MIN(1,m_st!H10)),RAND()),0) | I10: =IFERROR(_xlfn.BINOM.INV(MAX(0,cb!I9),MAX(0,MIN(1,m_st!I10)),RAND()),0) | ... K10: =IFERROR(_xlfn.BINOM.INV(MAX(0,cb!K9),MAX(0,MIN(1,m_st!K10)),RAND()),0)
A11: 9 | B11: =IFERROR(_xlfn.BINOM.INV(MAX(0,cb!B10),MAX(0,MIN(1,m_st!B11)),RAND()),0) | C11: =IFERROR(_xlfn.BINOM.INV(MAX(0,cb!C10),MAX(0,MIN(1,m_st!C11)),RAND()),0) | D11: =IFERROR(_xlfn.BINOM.INV(MAX(0,cb!D10),MAX(0,MIN(1,m_st!D11)),RAND()),0) | E11: =IFERROR(_xlfn.BINOM.INV(MAX(0,cb!E10),MAX(0,MIN(1,m_st!E11)),RAND()),0) | F11: =IFERROR(_xlfn.BINOM.INV(MAX(0,cb!F10),MAX(0,MIN(1,m_st!F11)),RAND()),0) | G11: =IFERROR(_xlfn.BINOM.INV(MAX(0,cb!G10),MAX(0,MIN(1,m_st!G11)),RAND()),0) | H11: =IFERROR(_xlfn.BINOM.INV(MAX(0,cb!H10),MAX(0,MIN(1,m_st!H11)),RAND()),0) | I11: =IFERROR(_xlfn.BINOM.INV(MAX(0,cb!I10),MAX(0,MIN(1,m_st!I11)),RAND()),0) | ... K11: =IFERROR(_xlfn.BINOM.INV(MAX(0,cb!K10),MAX(0,MIN(1,m_st!K11)),RAND()),0)
A12: 10 | B12: =IFERROR(_xlfn.BINOM.INV(MAX(0,cb!B11),MAX(0,MIN(1,m_st!B12)),RAND()),0) | C12: =IFERROR(_xlfn.BINOM.INV(MAX(0,cb!C11),MAX(0,MIN(1,m_st!C12)),RAND()),0) | D12: =IFERROR(_xlfn.BINOM.INV(MAX(0,cb!D11),MAX(0,MIN(1,m_st!D12)),RAND()),0) | E12: =IFERROR(_xlfn.BINOM.INV(MAX(0,cb!E11),MAX(0,MIN(1,m_st!E12)),RAND()),0) | F12: =IFERROR(_xlfn.BINOM.INV(MAX(0,cb!F11),MAX(0,MIN(1,m_st!F12)),RAND()),0) | G12: =IFERROR(_xlfn.BINOM.INV(MAX(0,cb!G11),MAX(0,MIN(1,m_st!G12)),RAND()),0) | H12: =IFERROR(_xlfn.BINOM.INV(MAX(0,cb!H11),MAX(0,MIN(1,m_st!H12)),RAND()),0) | I12: =IFERROR(_xlfn.BINOM.INV(MAX(0,cb!I11),MAX(0,MIN(1,m_st!I12)),RAND()),0) | ... K12: =IFERROR(_xlfn.BINOM.INV(MAX(0,cb!K11),MAX(0,MIN(1,m_st!K12)),RAND()),0)
A13: 11 | B13: =IFERROR(_xlfn.BINOM.INV(MAX(0,cb!B12),MAX(0,MIN(1,m_st!B13)),RAND()),0) | C13: =IFERROR(_xlfn.BINOM.INV(MAX(0,cb!C12),MAX(0,MIN(1,m_st!C13)),RAND()),0) | D13: =IFERROR(_xlfn.BINOM.INV(MAX(0,cb!D12),MAX(0,MIN(1,m_st!D13)),RAND()),0) | E13: =IFERROR(_xlfn.BINOM.INV(MAX(0,cb!E12),MAX(0,MIN(1,m_st!E13)),RAND()),0) | F13: =IFERROR(_xlfn.BINOM.INV(MAX(0,cb!F12),MAX(0,MIN(1,m_st!F13)),RAND()),0) | G13: =IFERROR(_xlfn.BINOM.INV(MAX(0,cb!G12),MAX(0,MIN(1,m_st!G13)),RAND()),0) | H13: =IFERROR(_xlfn.BINOM.INV(MAX(0,cb!H12),MAX(0,MIN(1,m_st!H13)),RAND()),0) | I13: =IFERROR(_xlfn.BINOM.INV(MAX(0,cb!I12),MAX(0,MIN(1,m_st!I13)),RAND()),0) | ... K13: =IFERROR(_xlfn.BINOM.INV(MAX(0,cb!K12),MAX(0,MIN(1,m_st!K13)),RAND()),0)
A14: 12 | B14: =IFERROR(_xlfn.BINOM.INV(MAX(0,cb!B13),MAX(0,MIN(1,m_st!B14)),RAND()),0) | C14: =IFERROR(_xlfn.BINOM.INV(MAX(0,cb!C13),MAX(0,MIN(1,m_st!C14)),RAND()),0) | D14: =IFERROR(_xlfn.BINOM.INV(MAX(0,cb!D13),MAX(0,MIN(1,m_st!D14)),RAND()),0) | E14: =IFERROR(_xlfn.BINOM.INV(MAX(0,cb!E13),MAX(0,MIN(1,m_st!E14)),RAND()),0) | F14: =IFERROR(_xlfn.BINOM.INV(MAX(0,cb!F13),MAX(0,MIN(1,m_st!F14)),RAND()),0) | G14: =IFERROR(_xlfn.BINOM.INV(MAX(0,cb!G13),MAX(0,MIN(1,m_st!G14)),RAND()),0) | H14: =IFERROR(_xlfn.BINOM.INV(MAX(0,cb!H13),MAX(0,MIN(1,m_st!H14)),RAND()),0) | I14: =IFERROR(_xlfn.BINOM.INV(MAX(0,cb!I13),MAX(0,MIN(1,m_st!I14)),RAND()),0) | ... K14: =IFERROR(_xlfn.BINOM.INV(MAX(0,cb!K13),MAX(0,MIN(1,m_st!K14)),RAND()),0)
... A32: 30 | B32: =IFERROR(_xlfn.BINOM.INV(MAX(0,cb!B31),MAX(0,MIN(1,m_st!B32)),RAND()),0) | C32: =IFERROR(_xlfn.BINOM.INV(MAX(0,cb!C31),MAX(0,MIN(1,m_st!C32)),RAND()),0) | D32: =IFERROR(_xlfn.BINOM.INV(MAX(0,cb!D31),MAX(0,MIN(1,m_st!D32)),RAND()),0) | E32: =IFERROR(_xlfn.BINOM.INV(MAX(0,cb!E31),MAX(0,MIN(1,m_st!E32)),RAND()),0) | F32: =IFERROR(_xlfn.BINOM.INV(MAX(0,cb!F31),MAX(0,MIN(1,m_st!F32)),RAND()),0) | G32: =IFERROR(_xlfn.BINOM.INV(MAX(0,cb!G31),MAX(0,MIN(1,m_st!G32)),RAND()),0) | H32: =IFERROR(_xlfn.BINOM.INV(MAX(0,cb!H31),MAX(0,MIN(1,m_st!H32)),RAND()),0) | I32: =IFERROR(_xlfn.BINOM.INV(MAX(0,cb!I31),MAX(0,MIN(1,m_st!I32)),RAND()),0) | ... K32: =IFERROR(_xlfn.BINOM.INV(MAX(0,cb!K31),MAX(0,MIN(1,m_st!K32)),RAND()),0)

Sheet urodz
A1: t \ a | B1: a=1 | C1: a=2 | D1: a=3 | E1: a=4 | F1: a=5 | G1: a=6 | H1: a=7 | I1: a=8 | J1: a=9 | K1: a=10
A2: 0 | B2: 0 | C2: 0 | D2: 0 | E2: 0 | F2: 0 | G2: 0 | H2: 0 | I2: 0 | J2: 0 | K2: 0
A3: 1 | B3: 0 | C3: =IFERROR(_xlfn.BINOM.INV(MAX(0,z!C2+o!C2+ca!C2+cb!C2),MAX(0,MIN(1,r_st!C3)),RAND()),0) | D3: =IFERROR(_xlfn.BINOM.INV(MAX(0,z!D2+o!D2+ca!D2+cb!D2),MAX(0,MIN(1,r_st!D3)),RAND()),0) | E3: =IFERROR(_xlfn.BINOM.INV(MAX(0,z!E2+o!E2+ca!E2+cb!E2),MAX(0,MIN(1,r_st!E3)),RAND()),0) | F3: =IFERROR(_xlfn.BINOM.INV(MAX(0,z!F2+o!F2+ca!F2+cb!F2),MAX(0,MIN(1,r_st!F3)),RAND()),0) | G3: =IFERROR(_xlfn.BINOM.INV(MAX(0,z!G2+o!G2+ca!G2+cb!G2),MAX(0,MIN(1,r_st!G3)),RAND()),0) | H3: =IFERROR(_xlfn.BINOM.INV(MAX(0,z!H2+o!H2+ca!H2+cb!H2),MAX(0,MIN(1,r_st!H3)),RAND()),0) | I3: =IFERROR(_xlfn.BINOM.INV(MAX(0,z!I2+o!I2+ca!I2+cb!I2),MAX(0,MIN(1,r_st!I3)),RAND()),0) | J3: =IFERROR(_xlfn.BINOM.INV(MAX(0,z!J2+o!J2+ca!J2+cb!J2),MAX(0,MIN(1,r_st!J3)),RAND()),0) | K3: =IFERROR(_xlfn.BINOM.INV(MAX(0,z!K2+o!K2+ca!K2+cb!K2),MAX(0,MIN(1,r_st!K3)),RAND()),0)
A4: 2 | B4: 0 | C4: =IFERROR(_xlfn.BINOM.INV(MAX(0,z!C3+o!C3+ca!C3+cb!C3),MAX(0,MIN(1,r_st!C4)),RAND()),0) | D4: =IFERROR(_xlfn.BINOM.INV(MAX(0,z!D3+o!D3+ca!D3+cb!D3),MAX(0,MIN(1,r_st!D4)),RAND()),0) | E4: =IFERROR(_xlfn.BINOM.INV(MAX(0,z!E3+o!E3+ca!E3+cb!E3),MAX(0,MIN(1,r_st!E4)),RAND()),0) | F4: =IFERROR(_xlfn.BINOM.INV(MAX(0,z!F3+o!F3+ca!F3+cb!F3),MAX(0,MIN(1,r_st!F4)),RAND()),0) | G4: =IFERROR(_xlfn.BINOM.INV(MAX(0,z!G3+o!G3+ca!G3+cb!G3),MAX(0,MIN(1,r_st!G4)),RAND()),0) | H4: =IFERROR(_xlfn.BINOM.INV(MAX(0,z!H3+o!H3+ca!H3+cb!H3),MAX(0,MIN(1,r_st!H4)),RAND()),0) | I4: =IFERROR(_xlfn.BINOM.INV(MAX(0,z!I3+o!I3+ca!I3+cb!I3),MAX(0,MIN(1,r_st!I4)),RAND()),0) | J4: =IFERROR(_xlfn.BINOM.INV(MAX(0,z!J3+o!J3+ca!J3+cb!J3),MAX(0,MIN(1,r_st!J4)),RAND()),0) | K4: =IFERROR(_xlfn.BINOM.INV(MAX(0,z!K3+o!K3+ca!K3+cb!K3),MAX(0,MIN(1,r_st!K4)),RAND()),0)
A5: 3 | B5: 0 | C5: =IFERROR(_xlfn.BINOM.INV(MAX(0,z!C4+o!C4+ca!C4+cb!C4),MAX(0,MIN(1,r_st!C5)),RAND()),0) | D5: =IFERROR(_xlfn.BINOM.INV(MAX(0,z!D4+o!D4+ca!D4+cb!D4),MAX(0,MIN(1,r_st!D5)),RAND()),0) | E5: =IFERROR(_xlfn.BINOM.INV(MAX(0,z!E4+o!E4+ca!E4+cb!E4),MAX(0,MIN(1,r_st!E5)),RAND()),0) | F5: =IFERROR(_xlfn.BINOM.INV(MAX(0,z!F4+o!F4+ca!F4+cb!F4),MAX(0,MIN(1,r_st!F5)),RAND()),0) | G5: =IFERROR(_xlfn.BINOM.INV(MAX(0,z!G4+o!G4+ca!G4+cb!G4),MAX(0,MIN(1,r_st!G5)),RAND()),0) | H5: =IFERROR(_xlfn.BINOM.INV(MAX(0,z!H4+o!H4+ca!H4+cb!H4),MAX(0,MIN(1,r_st!H5)),RAND()),0) | I5: =IFERROR(_xlfn.BINOM.INV(MAX(0,z!I4+o!I4+ca!I4+cb!I4),MAX(0,MIN(1,r_st!I5)),RAND()),0) | J5: =IFERROR(_xlfn.BINOM.INV(MAX(0,z!J4+o!J4+ca!J4+cb!J4),MAX(0,MIN(1,r_st!J5)),RAND()),0) | K5: =IFERROR(_xlfn.BINOM.INV(MAX(0,z!K4+o!K4+ca!K4+cb!K4),MAX(0,MIN(1,r_st!K5)),RAND()),0)
A6: 4 | B6: 0 | C6: =IFERROR(_xlfn.BINOM.INV(MAX(0,z!C5+o!C5+ca!C5+cb!C5),MAX(0,MIN(1,r_st!C6)),RAND()),0) | D6: =IFERROR(_xlfn.BINOM.INV(MAX(0,z!D5+o!D5+ca!D5+cb!D5),MAX(0,MIN(1,r_st!D6)),RAND()),0) | E6: =IFERROR(_xlfn.BINOM.INV(MAX(0,z!E5+o!E5+ca!E5+cb!E5),MAX(0,MIN(1,r_st!E6)),RAND()),0) | F6: =IFERROR(_xlfn.BINOM.INV(MAX(0,z!F5+o!F5+ca!F5+cb!F5),MAX(0,MIN(1,r_st!F6)),RAND()),0) | G6: =IFERROR(_xlfn.BINOM.INV(MAX(0,z!G5+o!G5+ca!G5+cb!G5),MAX(0,MIN(1,r_st!G6)),RAND()),0) | H6: =IFERROR(_xlfn.BINOM.INV(MAX(0,z!H5+o!H5+ca!H5+cb!H5),MAX(0,MIN(1,r_st!H6)),RAND()),0) | I6: =IFERROR(_xlfn.BINOM.INV(MAX(0,z!I5+o!I5+ca!I5+cb!I5),MAX(0,MIN(1,r_st!I6)),RAND()),0) | J6: =IFERROR(_xlfn.BINOM.INV(MAX(0,z!J5+o!J5+ca!J5+cb!J5),MAX(0,MIN(1,r_st!J6)),RAND()),0) | K6: =IFERROR(_xlfn.BINOM.INV(MAX(0,z!K5+o!K5+ca!K5+cb!K5),MAX(0,MIN(1,r_st!K6)),RAND()),0)
A7: 5 | B7: 0 | C7: =IFERROR(_xlfn.BINOM.INV(MAX(0,z!C6+o!C6+ca!C6+cb!C6),MAX(0,MIN(1,r_st!C7)),RAND()),0) | D7: =IFERROR(_xlfn.BINOM.INV(MAX(0,z!D6+o!D6+ca!D6+cb!D6),MAX(0,MIN(1,r_st!D7)),RAND()),0) | E7: =IFERROR(_xlfn.BINOM.INV(MAX(0,z!E6+o!E6+ca!E6+cb!E6),MAX(0,MIN(1,r_st!E7)),RAND()),0) | F7: =IFERROR(_xlfn.BINOM.INV(MAX(0,z!F6+o!F6+ca!F6+cb!F6),MAX(0,MIN(1,r_st!F7)),RAND()),0) | G7: =IFERROR(_xlfn.BINOM.INV(MAX(0,z!G6+o!G6+ca!G6+cb!G6),MAX(0,MIN(1,r_st!G7)),RAND()),0) | H7: =IFERROR(_xlfn.BINOM.INV(MAX(0,z!H6+o!H6+ca!H6+cb!H6),MAX(0,MIN(1,r_st!H7)),RAND()),0) | I7: =IFERROR(_xlfn.BINOM.INV(MAX(0,z!I6+o!I6+ca!I6+cb!I6),MAX(0,MIN(1,r_st!I7)),RAND()),0) | J7: =IFERROR(_xlfn.BINOM.INV(MAX(0,z!J6+o!J6+ca!J6+cb!J6),MAX(0,MIN(1,r_st!J7)),RAND()),0) | K7: =IFERROR(_xlfn.BINOM.INV(MAX(0,z!K6+o!K6+ca!K6+cb!K6),MAX(0,MIN(1,r_st!K7)),RAND()),0)
A8: 6 | B8: 0 | C8: =IFERROR(_xlfn.BINOM.INV(MAX(0,z!C7+o!C7+ca!C7+cb!C7),MAX(0,MIN(1,r_st!C8)),RAND()),0) | D8: =IFERROR(_xlfn.BINOM.INV(MAX(0,z!D7+o!D7+ca!D7+cb!D7),MAX(0,MIN(1,r_st!D8)),RAND()),0) | E8: =IFERROR(_xlfn.BINOM.INV(MAX(0,z!E7+o!E7+ca!E7+cb!E7),MAX(0,MIN(1,r_st!E8)),RAND()),0) | F8: =IFERROR(_xlfn.BINOM.INV(MAX(0,z!F7+o!F7+ca!F7+cb!F7),MAX(0,MIN(1,r_st!F8)),RAND()),0) | G8: =IFERROR(_xlfn.BINOM.INV(MAX(0,z!G7+o!G7+ca!G7+cb!G7),MAX(0,MIN(1,r_st!G8)),RAND()),0) | H8: =IFERROR(_xlfn.BINOM.INV(MAX(0,z!H7+o!H7+ca!H7+cb!H7),MAX(0,MIN(1,r_st!H8)),RAND()),0) | I8: =IFERROR(_xlfn.BINOM.INV(MAX(0,z!I7+o!I7+ca!I7+cb!I7),MAX(0,MIN(1,r_st!I8)),RAND()),0) | J8: =IFERROR(_xlfn.BINOM.INV(MAX(0,z!J7+o!J7+ca!J7+cb!J7),MAX(0,MIN(1,r_st!J8)),RAND()),0) | K8: =IFERROR(_xlfn.BINOM.INV(MAX(0,z!K7+o!K7+ca!K7+cb!K7),MAX(0,MIN(1,r_st!K8)),RAND()),0)
A9: 7 | B9: 0 | C9: =IFERROR(_xlfn.BINOM.INV(MAX(0,z!C8+o!C8+ca!C8+cb!C8),MAX(0,MIN(1,r_st!C9)),RAND()),0) | D9: =IFERROR(_xlfn.BINOM.INV(MAX(0,z!D8+o!D8+ca!D8+cb!D8),MAX(0,MIN(1,r_st!D9)),RAND()),0) | E9: =IFERROR(_xlfn.BINOM.INV(MAX(0,z!E8+o!E8+ca!E8+cb!E8),MAX(0,MIN(1,r_st!E9)),RAND()),0) | F9: =IFERROR(_xlfn.BINOM.INV(MAX(0,z!F8+o!F8+ca!F8+cb!F8),MAX(0,MIN(1,r_st!F9)),RAND()),0) | G9: =IFERROR(_xlfn.BINOM.INV(MAX(0,z!G8+o!G8+ca!G8+cb!G8),MAX(0,MIN(1,r_st!G9)),RAND()),0) | H9: =IFERROR(_xlfn.BINOM.INV(MAX(0,z!H8+o!H8+ca!H8+cb!H8),MAX(0,MIN(1,r_st!H9)),RAND()),0) | I9: =IFERROR(_xlfn.BINOM.INV(MAX(0,z!I8+o!I8+ca!I8+cb!I8),MAX(0,MIN(1,r_st!I9)),RAND()),0) | J9: =IFERROR(_xlfn.BINOM.INV(MAX(0,z!J8+o!J8+ca!J8+cb!J8),MAX(0,MIN(1,r_st!J9)),RAND()),0) | K9: =IFERROR(_xlfn.BINOM.INV(MAX(0,z!K8+o!K8+ca!K8+cb!K8),MAX(0,MIN(1,r_st!K9)),RAND()),0)
A10: 8 | B10: 0 | C10: =IFERROR(_xlfn.BINOM.INV(MAX(0,z!C9+o!C9+ca!C9+cb!C9),MAX(0,MIN(1,r_st!C10)),RAND()),0) | D10: =IFERROR(_xlfn.BINOM.INV(MAX(0,z!D9+o!D9+ca!D9+cb!D9),MAX(0,MIN(1,r_st!D10)),RAND()),0) | E10: =IFERROR(_xlfn.BINOM.INV(MAX(0,z!E9+o!E9+ca!E9+cb!E9),MAX(0,MIN(1,r_st!E10)),RAND()),0) | F10: =IFERROR(_xlfn.BINOM.INV(MAX(0,z!F9+o!F9+ca!F9+cb!F9),MAX(0,MIN(1,r_st!F10)),RAND()),0) | G10: =IFERROR(_xlfn.BINOM.INV(MAX(0,z!G9+o!G9+ca!G9+cb!G9),MAX(0,MIN(1,r_st!G10)),RAND()),0) | H10: =IFERROR(_xlfn.BINOM.INV(MAX(0,z!H9+o!H9+ca!H9+cb!H9),MAX(0,MIN(1,r_st!H10)),RAND()),0) | I10: =IFERROR(_xlfn.BINOM.INV(MAX(0,z!I9+o!I9+ca!I9+cb!I9),MAX(0,MIN(1,r_st!I10)),RAND()),0) | J10: =IFERROR(_xlfn.BINOM.INV(MAX(0,z!J9+o!J9+ca!J9+cb!J9),MAX(0,MIN(1,r_st!J10)),RAND()),0) | K10: =IFERROR(_xlfn.BINOM.INV(MAX(0,z!K9+o!K9+ca!K9+cb!K9),MAX(0,MIN(1,r_st!K10)),RAND()),0)
A11: 9 | B11: 0 | C11: =IFERROR(_xlfn.BINOM.INV(MAX(0,z!C10+o!C10+ca!C10+cb!C10),MAX(0,MIN(1,r_st!C11)),RAND()),0) | D11: =IFERROR(_xlfn.BINOM.INV(MAX(0,z!D10+o!D10+ca!D10+cb!D10),MAX(0,MIN(1,r_st!D11)),RAND()),0) | E11: =IFERROR(_xlfn.BINOM.INV(MAX(0,z!E10+o!E10+ca!E10+cb!E10),MAX(0,MIN(1,r_st!E11)),RAND()),0) | F11: =IFERROR(_xlfn.BINOM.INV(MAX(0,z!F10+o!F10+ca!F10+cb!F10),MAX(0,MIN(1,r_st!F11)),RAND()),0) | G11: =IFERROR(_xlfn.BINOM.INV(MAX(0,z!G10+o!G10+ca!G10+cb!G10),MAX(0,MIN(1,r_st!G11)),RAND()),0) | H11: =IFERROR(_xlfn.BINOM.INV(MAX(0,z!H10+o!H10+ca!H10+cb!H10),MAX(0,MIN(1,r_st!H11)),RAND()),0) | I11: =IFERROR(_xlfn.BINOM.INV(MAX(0,z!I10+o!I10+ca!I10+cb!I10),MAX(0,MIN(1,r_st!I11)),RAND()),0) | J11: =IFERROR(_xlfn.BINOM.INV(MAX(0,z!J10+o!J10+ca!J10+cb!J10),MAX(0,MIN(1,r_st!J11)),RAND()),0) | K11: =IFERROR(_xlfn.BINOM.INV(MAX(0,z!K10+o!K10+ca!K10+cb!K10),MAX(0,MIN(1,r_st!K11)),RAND()),0)
A12: 10 | B12: 0 | C12: =IFERROR(_xlfn.BINOM.INV(MAX(0,z!C11+o!C11+ca!C11+cb!C11),MAX(0,MIN(1,r_st!C12)),RAND()),0) | D12: =IFERROR(_xlfn.BINOM.INV(MAX(0,z!D11+o!D11+ca!D11+cb!D11),MAX(0,MIN(1,r_st!D12)),RAND()),0) | E12: =IFERROR(_xlfn.BINOM.INV(MAX(0,z!E11+o!E11+ca!E11+cb!E11),MAX(0,MIN(1,r_st!E12)),RAND()),0) | F12: =IFERROR(_xlfn.BINOM.INV(MAX(0,z!F11+o!F11+ca!F11+cb!F11),MAX(0,MIN(1,r_st!F12)),RAND()),0) | G12: =IFERROR(_xlfn.BINOM.INV(MAX(0,z!G11+o!G11+ca!G11+cb!G11),MAX(0,MIN(1,r_st!G12)),RAND()),0) | H12: =IFERROR(_xlfn.BINOM.INV(MAX(0,z!H11+o!H11+ca!H11+cb!H11),MAX(0,MIN(1,r_st!H12)),RAND()),0) | I12: =IFERROR(_xlfn.BINOM.INV(MAX(0,z!I11+o!I11+ca!I11+cb!I11),MAX(0,MIN(1,r_st!I12)),RAND()),0) | J12: =IFERROR(_xlfn.BINOM.INV(MAX(0,z!J11+o!J11+ca!J11+cb!J11),MAX(0,MIN(1,r_st!J12)),RAND()),0) | K12: =IFERROR(_xlfn.BINOM.INV(MAX(0,z!K11+o!K11+ca!K11+cb!K11),MAX(0,MIN(1,r_st!K12)),RAND()),0)
A13: 11 | B13: 0 | C13: =IFERROR(_xlfn.BINOM.INV(MAX(0,z!C12+o!C12+ca!C12+cb!C12),MAX(0,MIN(1,r_st!C13)),RAND()),0) | D13: =IFERROR(_xlfn.BINOM.INV(MAX(0,z!D12+o!D12+ca!D12+cb!D12),MAX(0,MIN(1,r_st!D13)),RAND()),0) | E13: =IFERROR(_xlfn.BINOM.INV(MAX(0,z!E12+o!E12+ca!E12+cb!E12),MAX(0,MIN(1,r_st!E13)),RAND()),0) | F13: =IFERROR(_xlfn.BINOM.INV(MAX(0,z!F12+o!F12+ca!F12+cb!F12),MAX(0,MIN(1,r_st!F13)),RAND()),0) | G13: =IFERROR(_xlfn.BINOM.INV(MAX(0,z!G12+o!G12+ca!G12+cb!G12),MAX(0,MIN(1,r_st!G13)),RAND()),0) | H13: =IFERROR(_xlfn.BINOM.INV(MAX(0,z!H12+o!H12+ca!H12+cb!H12),MAX(0,MIN(1,r_st!H13)),RAND()),0) | I13: =IFERROR(_xlfn.BINOM.INV(MAX(0,z!I12+o!I12+ca!I12+cb!I12),MAX(0,MIN(1,r_st!I13)),RAND()),0) | J13: =IFERROR(_xlfn.BINOM.INV(MAX(0,z!J12+o!J12+ca!J12+cb!J12),MAX(0,MIN(1,r_st!J13)),RAND()),0) | K13: =IFERROR(_xlfn.BINOM.INV(MAX(0,z!K12+o!K12+ca!K12+cb!K12),MAX(0,MIN(1,r_st!K13)),RAND()),0)
A14: 12 | B14: 0 | C14: =IFERROR(_xlfn.BINOM.INV(MAX(0,z!C13+o!C13+ca!C13+cb!C13),MAX(0,MIN(1,r_st!C14)),RAND()),0) | D14: =IFERROR(_xlfn.BINOM.INV(MAX(0,z!D13+o!D13+ca!D13+cb!D13),MAX(0,MIN(1,r_st!D14)),RAND()),0) | E14: =IFERROR(_xlfn.BINOM.INV(MAX(0,z!E13+o!E13+ca!E13+cb!E13),MAX(0,MIN(1,r_st!E14)),RAND()),0) | F14: =IFERROR(_xlfn.BINOM.INV(MAX(0,z!F13+o!F13+ca!F13+cb!F13),MAX(0,MIN(1,r_st!F14)),RAND()),0) | G14: =IFERROR(_xlfn.BINOM.INV(MAX(0,z!G13+o!G13+ca!G13+cb!G13),MAX(0,MIN(1,r_st!G14)),RAND()),0) | H14: =IFERROR(_xlfn.BINOM.INV(MAX(0,z!H13+o!H13+ca!H13+cb!H13),MAX(0,MIN(1,r_st!H14)),RAND()),0) | I14: =IFERROR(_xlfn.BINOM.INV(MAX(0,z!I13+o!I13+ca!I13+cb!I13),MAX(0,MIN(1,r_st!I14)),RAND()),0) | J14: =IFERROR(_xlfn.BINOM.INV(MAX(0,z!J13+o!J13+ca!J13+cb!J13),MAX(0,MIN(1,r_st!J14)),RAND()),0) | K14: =IFERROR(_xlfn.BINOM.INV(MAX(0,z!K13+o!K13+ca!K13+cb!K13),MAX(0,MIN(1,r_st!K14)),RAND()),0)
... A32: 30 | B32: 0 | C32: =IFERROR(_xlfn.BINOM.INV(MAX(0,z!C31+o!C31+ca!C31+cb!C31),MAX(0,MIN(1,r_st!C32)),RAND()),0) | D32: =IFERROR(_xlfn.BINOM.INV(MAX(0,z!D31+o!D31+ca!D31+cb!D31),MAX(0,MIN(1,r_st!D32)),RAND()),0) | E32: =IFERROR(_xlfn.BINOM.INV(MAX(0,z!E31+o!E31+ca!E31+cb!E31),MAX(0,MIN(1,r_st!E32)),RAND()),0) | F32: =IFERROR(_xlfn.BINOM.INV(MAX(0,z!F31+o!F31+ca!F31+cb!F31),MAX(0,MIN(1,r_st!F32)),RAND()),0) | G32: =IFERROR(_xlfn.BINOM.INV(MAX(0,z!G31+o!G31+ca!G31+cb!G31),MAX(0,MIN(1,r_st!G32)),RAND()),0) | H32: =IFERROR(_xlfn.BINOM.INV(MAX(0,z!H31+o!H31+ca!H31+cb!H31),MAX(0,MIN(1,r_st!H32)),RAND()),0) | I32: =IFERROR(_xlfn.BINOM.INV(MAX(0,z!I31+o!I31+ca!I31+cb!I31),MAX(0,MIN(1,r_st!I32)),RAND()),0) | J32: =IFERROR(_xlfn.BINOM.INV(MAX(0,z!J31+o!J31+ca!J31+cb!J31),MAX(0,MIN(1,r_st!J32)),RAND()),0) | K32: =IFERROR(_xlfn.BINOM.INV(MAX(0,z!K31+o!K31+ca!K31+cb!K31),MAX(0,MIN(1,r_st!K32)),RAND()),0)

Sheet urodz_ch
A1: t \ a | B1: a=1 | C1: a=2 | D1: a=3 | E1: a=4 | F1: a=5 | G1: a=6 | H1: a=7 | I1: a=8 | J1: a=9 | K1: a=10
A2: 0 | B2: 0 | C2: 0 | D2: 0 | E2: 0 | F2: 0 | G2: 0 | H2: 0 | I2: 0 | J2: 0 | K2: 0
A3: 1 | B3: 0 | C3: =IF(urodz!C3<=0,0,IFERROR(_xlfn.BINOM.INV(urodz!C3,MAX(0,MIN(1,IFERROR((ca!C2+cb!C2)/MAX(1,z!C2+o!C2+ca!C2+cb!C2),0))),RAND()),0)) | D3: =IF(urodz!D3<=0,0,IFERROR(_xlfn.BINOM.INV(urodz!D3,MAX(0,MIN(1,IFERROR((ca!D2+cb!D2)/MAX(1,z!D2+o!D2+ca!D2+cb!D2),0))),RAND()),0)) | E3: =IF(urodz!E3<=0,0,IFERROR(_xlfn.BINOM.INV(urodz!E3,MAX(0,MIN(1,IFERROR((ca!E2+cb!E2)/MAX(1,z!E2+o!E2+ca!E2+cb!E2),0))),RAND()),0)) | F3: =IF(urodz!F3<=0,0,IFERROR(_xlfn.BINOM.INV(urodz!F3,MAX(0,MIN(1,IFERROR((ca!F2+cb!F2)/MAX(1,z!F2+o!F2+ca!F2+cb!F2),0))),RAND()),0)) | G3: =IF(urodz!G3<=0,0,IFERROR(_xlfn.BINOM.INV(urodz!G3,MAX(0,MIN(1,IFERROR((ca!G2+cb!G2)/MAX(1,z!G2+o!G2+ca!G2+cb!G2),0))),RAND()),0)) | H3: =IF(urodz!H3<=0,0,IFERROR(_xlfn.BINOM.INV(urodz!H3,MAX(0,MIN(1,IFERROR((ca!H2+cb!H2)/MAX(1,z!H2+o!H2+ca!H2+cb!H2),0))),RAND()),0)) | I3: =IF(urodz!I3<=0,0,IFERROR(_xlfn.BINOM.INV(urodz!I3,MAX(0,MIN(1,IFERROR((ca!I2+cb!I2)/MAX(1,z!I2+o!I2+ca!I2+cb!I2),0))),RAND()),0)) | J3: =IF(urodz!J3<=0,0,IFERROR(_xlfn.BINOM.INV(urodz!J3,MAX(0,MIN(1,IFERROR((ca!J2+cb!J2)/MAX(1,z!J2+o!J2+ca!J2+cb!J2),0))),RAND()),0)) | K3: =IF(urodz!K3<=0,0,IFERROR(_xlfn.BINOM.INV(urodz!K3,MAX(0,MIN(1,IFERROR((ca!K2+cb!K2)/MAX(1,z!K2+o!K2+ca!K2+cb!K2),0))),RAND()),0))
A4: 2 | B4: 0 | C4: =IF(urodz!C4<=0,0,IFERROR(_xlfn.BINOM.INV(urodz!C4,MAX(0,MIN(1,IFERROR((ca!C3+cb!C3)/MAX(1,z!C3+o!C3+ca!C3+cb!C3),0))),RAND()),0)) | D4: =IF(urodz!D4<=0,0,IFERROR(_xlfn.BINOM.INV(urodz!D4,MAX(0,MIN(1,IFERROR((ca!D3+cb!D3)/MAX(1,z!D3+o!D3+ca!D3+cb!D3),0))),RAND()),0)) | E4: =IF(urodz!E4<=0,0,IFERROR(_xlfn.BINOM.INV(urodz!E4,MAX(0,MIN(1,IFERROR((ca!E3+cb!E3)/MAX(1,z!E3+o!E3+ca!E3+cb!E3),0))),RAND()),0)) | F4: =IF(urodz!F4<=0,0,IFERROR(_xlfn.BINOM.INV(urodz!F4,MAX(0,MIN(1,IFERROR((ca!F3+cb!F3)/MAX(1,z!F3+o!F3+ca!F3+cb!F3),0))),RAND()),0)) | G4: =IF(urodz!G4<=0,0,IFERROR(_xlfn.BINOM.INV(urodz!G4,MAX(0,MIN(1,IFERROR((ca!G3+cb!G3)/MAX(1,z!G3+o!G3+ca!G3+cb!G3),0))),RAND()),0)) | H4: =IF(urodz!H4<=0,0,IFERROR(_xlfn.BINOM.INV(urodz!H4,MAX(0,MIN(1,IFERROR((ca!H3+cb!H3)/MAX(1,z!H3+o!H3+ca!H3+cb!H3),0))),RAND()),0)) | I4: =IF(urodz!I4<=0,0,IFERROR(_xlfn.BINOM.INV(urodz!I4,MAX(0,MIN(1,IFERROR((ca!I3+cb!I3)/MAX(1,z!I3+o!I3+ca!I3+cb!I3),0))),RAND()),0)) | J4: =IF(urodz!J4<=0,0,IFERROR(_xlfn.BINOM.INV(urodz!J4,MAX(0,MIN(1,IFERROR((ca!J3+cb!J3)/MAX(1,z!J3+o!J3+ca!J3+cb!J3),0))),RAND()),0)) | K4: =IF(urodz!K4<=0,0,IFERROR(_xlfn.BINOM.INV(urodz!K4,MAX(0,MIN(1,IFERROR((ca!K3+cb!K3)/MAX(1,z!K3+o!K3+ca!K3+cb!K3),0))),RAND()),0))
A5: 3 | B5: 0 | C5: =IF(urodz!C5<=0,0,IFERROR(_xlfn.BINOM.INV(urodz!C5,MAX(0,MIN(1,IFERROR((ca!C4+cb!C4)/MAX(1,z!C4+o!C4+ca!C4+cb!C4),0))),RAND()),0)) | D5: =IF(urodz!D5<=0,0,IFERROR(_xlfn.BINOM.INV(urodz!D5,MAX(0,MIN(1,IFERROR((ca!D4+cb!D4)/MAX(1,z!D4+o!D4+ca!D4+cb!D4),0))),RAND()),0)) | E5: =IF(urodz!E5<=0,0,IFERROR(_xlfn.BINOM.INV(urodz!E5,MAX(0,MIN(1,IFERROR((ca!E4+cb!E4)/MAX(1,z!E4+o!E4+ca!E4+cb!E4),0))),RAND()),0)) | F5: =IF(urodz!F5<=0,0,IFERROR(_xlfn.BINOM.INV(urodz!F5,MAX(0,MIN(1,IFERROR((ca!F4+cb!F4)/MAX(1,z!F4+o!F4+ca!F4+cb!F4),0))),RAND()),0)) | G5: =IF(urodz!G5<=0,0,IFERROR(_xlfn.BINOM.INV(urodz!G5,MAX(0,MIN(1,IFERROR((ca!G4+cb!G4)/MAX(1,z!G4+o!G4+ca!G4+cb!G4),0))),RAND()),0)) | H5: =IF(urodz!H5<=0,0,IFERROR(_xlfn.BINOM.INV(urodz!H5,MAX(0,MIN(1,IFERROR((ca!H4+cb!H4)/MAX(1,z!H4+o!H4+ca!H4+cb!H4),0))),RAND()),0)) | I5: =IF(urodz!I5<=0,0,IFERROR(_xlfn.BINOM.INV(urodz!I5,MAX(0,MIN(1,IFERROR((ca!I4+cb!I4)/MAX(1,z!I4+o!I4+ca!I4+cb!I4),0))),RAND()),0)) | J5: =IF(urodz!J5<=0,0,IFERROR(_xlfn.BINOM.INV(urodz!J5,MAX(0,MIN(1,IFERROR((ca!J4+cb!J4)/MAX(1,z!J4+o!J4+ca!J4+cb!J4),0))),RAND()),0)) | K5: =IF(urodz!K5<=0,0,IFERROR(_xlfn.BINOM.INV(urodz!K5,MAX(0,MIN(1,IFERROR((ca!K4+cb!K4)/MAX(1,z!K4+o!K4+ca!K4+cb!K4),0))),RAND()),0))
A6: 4 | B6: 0 | C6: =IF(urodz!C6<=0,0,IFERROR(_xlfn.BINOM.INV(urodz!C6,MAX(0,MIN(1,IFERROR((ca!C5+cb!C5)/MAX(1,z!C5+o!C5+ca!C5+cb!C5),0))),RAND()),0)) | D6: =IF(urodz!D6<=0,0,IFERROR(_xlfn.BINOM.INV(urodz!D6,MAX(0,MIN(1,IFERROR((ca!D5+cb!D5)/MAX(1,z!D5+o!D5+ca!D5+cb!D5),0))),RAND()),0)) | E6: =IF(urodz!E6<=0,0,IFERROR(_xlfn.BINOM.INV(urodz!E6,MAX(0,MIN(1,IFERROR((ca!E5+cb!E5)/MAX(1,z!E5+o!E5+ca!E5+cb!E5),0))),RAND()),0)) | F6: =IF(urodz!F6<=0,0,IFERROR(_xlfn.BINOM.INV(urodz!F6,MAX(0,MIN(1,IFERROR((ca!F5+cb!F5)/MAX(1,z!F5+o!F5+ca!F5+cb!F5),0))),RAND()),0)) | G6: =IF(urodz!G6<=0,0,IFERROR(_xlfn.BINOM.INV(urodz!G6,MAX(0,MIN(1,IFERROR((ca!G5+cb!G5)/MAX(1,z!G5+o!G5+ca!G5+cb!G5),0))),RAND()),0)) | H6: =IF(urodz!H6<=0,0,IFERROR(_xlfn.BINOM.INV(urodz!H6,MAX(0,MIN(1,IFERROR((ca!H5+cb!H5)/MAX(1,z!H5+o!H5+ca!H5+cb!H5),0))),RAND()),0)) | I6: =IF(urodz!I6<=0,0,IFERROR(_xlfn.BINOM.INV(urodz!I6,MAX(0,MIN(1,IFERROR((ca!I5+cb!I5)/MAX(1,z!I5+o!I5+ca!I5+cb!I5),0))),RAND()),0)) | J6: =IF(urodz!J6<=0,0,IFERROR(_xlfn.BINOM.INV(urodz!J6,MAX(0,MIN(1,IFERROR((ca!J5+cb!J5)/MAX(1,z!J5+o!J5+ca!J5+cb!J5),0))),RAND()),0)) | K6: =IF(urodz!K6<=0,0,IFERROR(_xlfn.BINOM.INV(urodz!K6,MAX(0,MIN(1,IFERROR((ca!K5+cb!K5)/MAX(1,z!K5+o!K5+ca!K5+cb!K5),0))),RAND()),0))
A7: 5 | B7: 0 | C7: =IF(urodz!C7<=0,0,IFERROR(_xlfn.BINOM.INV(urodz!C7,MAX(0,MIN(1,IFERROR((ca!C6+cb!C6)/MAX(1,z!C6+o!C6+ca!C6+cb!C6),0))),RAND()),0)) | D7: =IF(urodz!D7<=0,0,IFERROR(_xlfn.BINOM.INV(urodz!D7,MAX(0,MIN(1,IFERROR((ca!D6+cb!D6)/MAX(1,z!D6+o!D6+ca!D6+cb!D6),0))),RAND()),0)) | E7: =IF(urodz!E7<=0,0,IFERROR(_xlfn.BINOM.INV(urodz!E7,MAX(0,MIN(1,IFERROR((ca!E6+cb!E6)/MAX(1,z!E6+o!E6+ca!E6+cb!E6),0))),RAND()),0)) | F7: =IF(urodz!F7<=0,0,IFERROR(_xlfn.BINOM.INV(urodz!F7,MAX(0,MIN(1,IFERROR((ca!F6+cb!F6)/MAX(1,z!F6+o!F6+ca!F6+cb!F6),0))),RAND()),0)) | G7: =IF(urodz!G7<=0,0,IFERROR(_xlfn.BINOM.INV(urodz!G7,MAX(0,MIN(1,IFERROR((ca!G6+cb!G6)/MAX(1,z!G6+o!G6+ca!G6+cb!G6),0))),RAND()),0)) | H7: =IF(urodz!H7<=0,0,IFERROR(_xlfn.BINOM.INV(urodz!H7,MAX(0,MIN(1,IFERROR((ca!H6+cb!H6)/MAX(1,z!H6+o!H6+ca!H6+cb!H6),0))),RAND()),0)) | I7: =IF(urodz!I7<=0,0,IFERROR(_xlfn.BINOM.INV(urodz!I7,MAX(0,MIN(1,IFERROR((ca!I6+cb!I6)/MAX(1,z!I6+o!I6+ca!I6+cb!I6),0))),RAND()),0)) | J7: =IF(urodz!J7<=0,0,IFERROR(_xlfn.BINOM.INV(urodz!J7,MAX(0,MIN(1,IFERROR((ca!J6+cb!J6)/MAX(1,z!J6+o!J6+ca!J6+cb!J6),0))),RAND()),0)) | K7: =IF(urodz!K7<=0,0,IFERROR(_xlfn.BINOM.INV(urodz!K7,MAX(0,MIN(1,IFERROR((ca!K6+cb!K6)/MAX(1,z!K6+o!K6+ca!K6+cb!K6),0))),RAND()),0))
A8: 6 | B8: 0 | C8: =IF(urodz!C8<=0,0,IFERROR(_xlfn.BINOM.INV(urodz!C8,MAX(0,MIN(1,IFERROR((ca!C7+cb!C7)/MAX(1,z!C7+o!C7+ca!C7+cb!C7),0))),RAND()),0)) | D8: =IF(urodz!D8<=0,0,IFERROR(_xlfn.BINOM.INV(urodz!D8,MAX(0,MIN(1,IFERROR((ca!D7+cb!D7)/MAX(1,z!D7+o!D7+ca!D7+cb!D7),0))),RAND()),0)) | E8: =IF(urodz!E8<=0,0,IFERROR(_xlfn.BINOM.INV(urodz!E8,MAX(0,MIN(1,IFERROR((ca!E7+cb!E7)/MAX(1,z!E7+o!E7+ca!E7+cb!E7),0))),RAND()),0)) | F8: =IF(urodz!F8<=0,0,IFERROR(_xlfn.BINOM.INV(urodz!F8,MAX(0,MIN(1,IFERROR((ca!F7+cb!F7)/MAX(1,z!F7+o!F7+ca!F7+cb!F7),0))),RAND()),0)) | G8: =IF(urodz!G8<=0,0,IFERROR(_xlfn.BINOM.INV(urodz!G8,MAX(0,MIN(1,IFERROR((ca!G7+cb!G7)/MAX(1,z!G7+o!G7+ca!G7+cb!G7),0))),RAND()),0)) | H8: =IF(urodz!H8<=0,0,IFERROR(_xlfn.BINOM.INV(urodz!H8,MAX(0,MIN(1,IFERROR((ca!H7+cb!H7)/MAX(1,z!H7+o!H7+ca!H7+cb!H7),0))),RAND()),0)) | I8: =IF(urodz!I8<=0,0,IFERROR(_xlfn.BINOM.INV(urodz!I8,MAX(0,MIN(1,IFERROR((ca!I7+cb!I7)/MAX(1,z!I7+o!I7+ca!I7+cb!I7),0))),RAND()),0)) | J8: =IF(urodz!J8<=0,0,IFERROR(_xlfn.BINOM.INV(urodz!J8,MAX(0,MIN(1,IFERROR((ca!J7+cb!J7)/MAX(1,z!J7+o!J7+ca!J7+cb!J7),0))),RAND()),0)) | K8: =IF(urodz!K8<=0,0,IFERROR(_xlfn.BINOM.INV(urodz!K8,MAX(0,MIN(1,IFERROR((ca!K7+cb!K7)/MAX(1,z!K7+o!K7+ca!K7+cb!K7),0))),RAND()),0))
A9: 7 | B9: 0 | C9: =IF(urodz!C9<=0,0,IFERROR(_xlfn.BINOM.INV(urodz!C9,MAX(0,MIN(1,IFERROR((ca!C8+cb!C8)/MAX(1,z!C8+o!C8+ca!C8+cb!C8),0))),RAND()),0)) | D9: =IF(urodz!D9<=0,0,IFERROR(_xlfn.BINOM.INV(urodz!D9,MAX(0,MIN(1,IFERROR((ca!D8+cb!D8)/MAX(1,z!D8+o!D8+ca!D8+cb!D8),0))),RAND()),0)) | E9: =IF(urodz!E9<=0,0,IFERROR(_xlfn.BINOM.INV(urodz!E9,MAX(0,MIN(1,IFERROR((ca!E8+cb!E8)/MAX(1,z!E8+o!E8+ca!E8+cb!E8),0))),RAND()),0)) | F9: =IF(urodz!F9<=0,0,IFERROR(_xlfn.BINOM.INV(urodz!F9,MAX(0,MIN(1,IFERROR((ca!F8+cb!F8)/MAX(1,z!F8+o!F8+ca!F8+cb!F8),0))),RAND()),0)) | G9: =IF(urodz!G9<=0,0,IFERROR(_xlfn.BINOM.INV(urodz!G9,MAX(0,MIN(1,IFERROR((ca!G8+cb!G8)/MAX(1,z!G8+o!G8+ca!G8+cb!G8),0))),RAND()),0)) | H9: =IF(urodz!H9<=0,0,IFERROR(_xlfn.BINOM.INV(urodz!H9,MAX(0,MIN(1,IFERROR((ca!H8+cb!H8)/MAX(1,z!H8+o!H8+ca!H8+cb!H8),0))),RAND()),0)) | I9: =IF(urodz!I9<=0,0,IFERROR(_xlfn.BINOM.INV(urodz!I9,MAX(0,MIN(1,IFERROR((ca!I8+cb!I8)/MAX(1,z!I8+o!I8+ca!I8+cb!I8),0))),RAND()),0)) | J9: =IF(urodz!J9<=0,0,IFERROR(_xlfn.BINOM.INV(urodz!J9,MAX(0,MIN(1,IFERROR((ca!J8+cb!J8)/MAX(1,z!J8+o!J8+ca!J8+cb!J8),0))),RAND()),0)) | K9: =IF(urodz!K9<=0,0,IFERROR(_xlfn.BINOM.INV(urodz!K9,MAX(0,MIN(1,IFERROR((ca!K8+cb!K8)/MAX(1,z!K8+o!K8+ca!K8+cb!K8),0))),RAND()),0))
A10: 8 | B10: 0 | C10: =IF(urodz!C10<=0,0,IFERROR(_xlfn.BINOM.INV(urodz!C10,MAX(0,MIN(1,IFERROR((ca!C9+cb!C9)/MAX(1,z!C9+o!C9+ca!C9+cb!C9),0))),RAND()),0)) | D10: =IF(urodz!D10<=0,0,IFERROR(_xlfn.BINOM.INV(urodz!D10,MAX(0,MIN(1,IFERROR((ca!D9+cb!D9)/MAX(1,z!D9+o!D9+ca!D9+cb!D9),0))),RAND()),0)) | E10: =IF(urodz!E10<=0,0,IFERROR(_xlfn.BINOM.INV(urodz!E10,MAX(0,MIN(1,IFERROR((ca!E9+cb!E9)/MAX(1,z!E9+o!E9+ca!E9+cb!E9),0))),RAND()),0)) | F10: =IF(urodz!F10<=0,0,IFERROR(_xlfn.BINOM.INV(urodz!F10,MAX(0,MIN(1,IFERROR((ca!F9+cb!F9)/MAX(1,z!F9+o!F9+ca!F9+cb!F9),0))),RAND()),0)) | G10: =IF(urodz!G10<=0,0,IFERROR(_xlfn.BINOM.INV(urodz!G10,MAX(0,MIN(1,IFERROR((ca!G9+cb!G9)/MAX(1,z!G9+o!G9+ca!G9+cb!G9),0))),RAND()),0)) | H10: =IF(urodz!H10<=0,0,IFERROR(_xlfn.BINOM.INV(urodz!H10,MAX(0,MIN(1,IFERROR((ca!H9+cb!H9)/MAX(1,z!H9+o!H9+ca!H9+cb!H9),0))),RAND()),0)) | I10: =IF(urodz!I10<=0,0,IFERROR(_xlfn.BINOM.INV(urodz!I10,MAX(0,MIN(1,IFERROR((ca!I9+cb!I9)/MAX(1,z!I9+o!I9+ca!I9+cb!I9),0))),RAND()),0)) | J10: =IF(urodz!J10<=0,0,IFERROR(_xlfn.BINOM.INV(urodz!J10,MAX(0,MIN(1,IFERROR((ca!J9+cb!J9)/MAX(1,z!J9+o!J9+ca!J9+cb!J9),0))),RAND()),0)) | K10: =IF(urodz!K10<=0,0,IFERROR(_xlfn.BINOM.INV(urodz!K10,MAX(0,MIN(1,IFERROR((ca!K9+cb!K9)/MAX(1,z!K9+o!K9+ca!K9+cb!K9),0))),RAND()),0))
A11: 9 | B11: 0 | C11: =IF(urodz!C11<=0,0,IFERROR(_xlfn.BINOM.INV(urodz!C11,MAX(0,MIN(1,IFERROR((ca!C10+cb!C10)/MAX(1,z!C10+o!C10+ca!C10+cb!C10),0))),RAND()),0)) | D11: =IF(urodz!D11<=0,0,IFERROR(_xlfn.BINOM.INV(urodz!D11,MAX(0,MIN(1,IFERROR((ca!D10+cb!D10)/MAX(1,z!D10+o!D10+ca!D10+cb!D10),0))),RAND()),0)) | E11: =IF(urodz!E11<=0,0,IFERROR(_xlfn.BINOM.INV(urodz!E11,MAX(0,MIN(1,IFERROR((ca!E10+cb!E10)/MAX(1,z!E10+o!E10+ca!E10+cb!E10),0))),RAND()),0)) | F11: =IF(urodz!F11<=0,0,IFERROR(_xlfn.BINOM.INV(urodz!F11,MAX(0,MIN(1,IFERROR((ca!F10+cb!F10)/MAX(1,z!F10+o!F10+ca!F10+cb!F10),0))),RAND()),0)) | G11: =IF(urodz!G11<=0,0,IFERROR(_xlfn.BINOM.INV(urodz!G11,MAX(0,MIN(1,IFERROR((ca!G10+cb!G10)/MAX(1,z!G10+o!G10+ca!G10+cb!G10),0))),RAND()),0)) | H11: =IF(urodz!H11<=0,0,IFERROR(_xlfn.BINOM.INV(urodz!H11,MAX(0,MIN(1,IFERROR((ca!H10+cb!H10)/MAX(1,z!H10+o!H10+ca!H10+cb!H10),0))),RAND()),0)) | I11: =IF(urodz!I11<=0,0,IFERROR(_xlfn.BINOM.INV(urodz!I11,MAX(0,MIN(1,IFERROR((ca!I10+cb!I10)/MAX(1,z!I10+o!I10+ca!I10+cb!I10),0))),RAND()),0)) | J11: =IF(urodz!J11<=0,0,IFERROR(_xlfn.BINOM.INV(urodz!J11,MAX(0,MIN(1,IFERROR((ca!J10+cb!J10)/MAX(1,z!J10+o!J10+ca!J10+cb!J10),0))),RAND()),0)) | K11: =IF(urodz!K11<=0,0,IFERROR(_xlfn.BINOM.INV(urodz!K11,MAX(0,MIN(1,IFERROR((ca!K10+cb!K10)/MAX(1,z!K10+o!K10+ca!K10+cb!K10),0))),RAND()),0))
A12: 10 | B12: 0 | C12: =IF(urodz!C12<=0,0,IFERROR(_xlfn.BINOM.INV(urodz!C12,MAX(0,MIN(1,IFERROR((ca!C11+cb!C11)/MAX(1,z!C11+o!C11+ca!C11+cb!C11),0))),RAND()),0)) | D12: =IF(urodz!D12<=0,0,IFERROR(_xlfn.BINOM.INV(urodz!D12,MAX(0,MIN(1,IFERROR((ca!D11+cb!D11)/MAX(1,z!D11+o!D11+ca!D11+cb!D11),0))),RAND()),0)) | E12: =IF(urodz!E12<=0,0,IFERROR(_xlfn.BINOM.INV(urodz!E12,MAX(0,MIN(1,IFERROR((ca!E11+cb!E11)/MAX(1,z!E11+o!E11+ca!E11+cb!E11),0))),RAND()),0)) | F12: =IF(urodz!F12<=0,0,IFERROR(_xlfn.BINOM.INV(urodz!F12,MAX(0,MIN(1,IFERROR((ca!F11+cb!F11)/MAX(1,z!F11+o!F11+ca!F11+cb!F11),0))),RAND()),0)) | G12: =IF(urodz!G12<=0,0,IFERROR(_xlfn.BINOM.INV(urodz!G12,MAX(0,MIN(1,IFERROR((ca!G11+cb!G11)/MAX(1,z!G11+o!G11+ca!G11+cb!G11),0))),RAND()),0)) | H12: =IF(urodz!H12<=0,0,IFERROR(_xlfn.BINOM.INV(urodz!H12,MAX(0,MIN(1,IFERROR((ca!H11+cb!H11)/MAX(1,z!H11+o!H11+ca!H11+cb!H11),0))),RAND()),0)) | I12: =IF(urodz!I12<=0,0,IFERROR(_xlfn.BINOM.INV(urodz!I12,MAX(0,MIN(1,IFERROR((ca!I11+cb!I11)/MAX(1,z!I11+o!I11+ca!I11+cb!I11),0))),RAND()),0)) | J12: =IF(urodz!J12<=0,0,IFERROR(_xlfn.BINOM.INV(urodz!J12,MAX(0,MIN(1,IFERROR((ca!J11+cb!J11)/MAX(1,z!J11+o!J11+ca!J11+cb!J11),0))),RAND()),0)) | K12: =IF(urodz!K12<=0,0,IFERROR(_xlfn.BINOM.INV(urodz!K12,MAX(0,MIN(1,IFERROR((ca!K11+cb!K11)/MAX(1,z!K11+o!K11+ca!K11+cb!K11),0))),RAND()),0))
A13: 11 | B13: 0 | C13: =IF(urodz!C13<=0,0,IFERROR(_xlfn.BINOM.INV(urodz!C13,MAX(0,MIN(1,IFERROR((ca!C12+cb!C12)/MAX(1,z!C12+o!C12+ca!C12+cb!C12),0))),RAND()),0)) | D13: =IF(urodz!D13<=0,0,IFERROR(_xlfn.BINOM.INV(urodz!D13,MAX(0,MIN(1,IFERROR((ca!D12+cb!D12)/MAX(1,z!D12+o!D12+ca!D12+cb!D12),0))),RAND()),0)) | E13: =IF(urodz!E13<=0,0,IFERROR(_xlfn.BINOM.INV(urodz!E13,MAX(0,MIN(1,IFERROR((ca!E12+cb!E12)/MAX(1,z!E12+o!E12+ca!E12+cb!E12),0))),RAND()),0)) | F13: =IF(urodz!F13<=0,0,IFERROR(_xlfn.BINOM.INV(urodz!F13,MAX(0,MIN(1,IFERROR((ca!F12+cb!F12)/MAX(1,z!F12+o!F12+ca!F12+cb!F12),0))),RAND()),0)) | G13: =IF(urodz!G13<=0,0,IFERROR(_xlfn.BINOM.INV(urodz!G13,MAX(0,MIN(1,IFERROR((ca!G12+cb!G12)/MAX(1,z!G12+o!G12+ca!G12+cb!G12),0))),RAND()),0)) | H13: =IF(urodz!H13<=0,0,IFERROR(_xlfn.BINOM.INV(urodz!H13,MAX(0,MIN(1,IFERROR((ca!H12+cb!H12)/MAX(1,z!H12+o!H12+ca!H12+cb!H12),0))),RAND()),0)) | I13: =IF(urodz!I13<=0,0,IFERROR(_xlfn.BINOM.INV(urodz!I13,MAX(0,MIN(1,IFERROR((ca!I12+cb!I12)/MAX(1,z!I12+o!I12+ca!I12+cb!I12),0))),RAND()),0)) | J13: =IF(urodz!J13<=0,0,IFERROR(_xlfn.BINOM.INV(urodz!J13,MAX(0,MIN(1,IFERROR((ca!J12+cb!J12)/MAX(1,z!J12+o!J12+ca!J12+cb!J12),0))),RAND()),0)) | K13: =IF(urodz!K13<=0,0,IFERROR(_xlfn.BINOM.INV(urodz!K13,MAX(0,MIN(1,IFERROR((ca!K12+cb!K12)/MAX(1,z!K12+o!K12+ca!K12+cb!K12),0))),RAND()),0))
A14: 12 | B14: 0 | C14: =IF(urodz!C14<=0,0,IFERROR(_xlfn.BINOM.INV(urodz!C14,MAX(0,MIN(1,IFERROR((ca!C13+cb!C13)/MAX(1,z!C13+o!C13+ca!C13+cb!C13),0))),RAND()),0)) | D14: =IF(urodz!D14<=0,0,IFERROR(_xlfn.BINOM.INV(urodz!D14,MAX(0,MIN(1,IFERROR((ca!D13+cb!D13)/MAX(1,z!D13+o!D13+ca!D13+cb!D13),0))),RAND()),0)) | E14: =IF(urodz!E14<=0,0,IFERROR(_xlfn.BINOM.INV(urodz!E14,MAX(0,MIN(1,IFERROR((ca!E13+cb!E13)/MAX(1,z!E13+o!E13+ca!E13+cb!E13),0))),RAND()),0)) | F14: =IF(urodz!F14<=0,0,IFERROR(_xlfn.BINOM.INV(urodz!F14,MAX(0,MIN(1,IFERROR((ca!F13+cb!F13)/MAX(1,z!F13+o!F13+ca!F13+cb!F13),0))),RAND()),0)) | G14: =IF(urodz!G14<=0,0,IFERROR(_xlfn.BINOM.INV(urodz!G14,MAX(0,MIN(1,IFERROR((ca!G13+cb!G13)/MAX(1,z!G13+o!G13+ca!G13+cb!G13),0))),RAND()),0)) | H14: =IF(urodz!H14<=0,0,IFERROR(_xlfn.BINOM.INV(urodz!H14,MAX(0,MIN(1,IFERROR((ca!H13+cb!H13)/MAX(1,z!H13+o!H13+ca!H13+cb!H13),0))),RAND()),0)) | I14: =IF(urodz!I14<=0,0,IFERROR(_xlfn.BINOM.INV(urodz!I14,MAX(0,MIN(1,IFERROR((ca!I13+cb!I13)/MAX(1,z!I13+o!I13+ca!I13+cb!I13),0))),RAND()),0)) | J14: =IF(urodz!J14<=0,0,IFERROR(_xlfn.BINOM.INV(urodz!J14,MAX(0,MIN(1,IFERROR((ca!J13+cb!J13)/MAX(1,z!J13+o!J13+ca!J13+cb!J13),0))),RAND()),0)) | K14: =IF(urodz!K14<=0,0,IFERROR(_xlfn.BINOM.INV(urodz!K14,MAX(0,MIN(1,IFERROR((ca!K13+cb!K13)/MAX(1,z!K13+o!K13+ca!K13+cb!K13),0))),RAND()),0))
... A32: 30 | B32: 0 | C32: =IF(urodz!C32<=0,0,IFERROR(_xlfn.BINOM.INV(urodz!C32,MAX(0,MIN(1,IFERROR((ca!C31+cb!C31)/MAX(1,z!C31+o!C31+ca!C31+cb!C31),0))),RAND()),0)) | D32: =IF(urodz!D32<=0,0,IFERROR(_xlfn.BINOM.INV(urodz!D32,MAX(0,MIN(1,IFERROR((ca!D31+cb!D31)/MAX(1,z!D31+o!D31+ca!D31+cb!D31),0))),RAND()),0)) | E32: =IF(urodz!E32<=0,0,IFERROR(_xlfn.BINOM.INV(urodz!E32,MAX(0,MIN(1,IFERROR((ca!E31+cb!E31)/MAX(1,z!E31+o!E31+ca!E31+cb!E31),0))),RAND()),0)) | F32: =IF(urodz!F32<=0,0,IFERROR(_xlfn.BINOM.INV(urodz!F32,MAX(0,MIN(1,IFERROR((ca!F31+cb!F31)/MAX(1,z!F31+o!F31+ca!F31+cb!F31),0))),RAND()),0)) | G32: =IF(urodz!G32<=0,0,IFERROR(_xlfn.BINOM.INV(urodz!G32,MAX(0,MIN(1,IFERROR((ca!G31+cb!G31)/MAX(1,z!G31+o!G31+ca!G31+cb!G31),0))),RAND()),0)) | H32: =IF(urodz!H32<=0,0,IFERROR(_xlfn.BINOM.INV(urodz!H32,MAX(0,MIN(1,IFERROR((ca!H31+cb!H31)/MAX(1,z!H31+o!H31+ca!H31+cb!H31),0))),RAND()),0)) | I32: =IF(urodz!I32<=0,0,IFERROR(_xlfn.BINOM.INV(urodz!I32,MAX(0,MIN(1,IFERROR((ca!I31+cb!I31)/MAX(1,z!I31+o!I31+ca!I31+cb!I31),0))),RAND()),0)) | J32: =IF(urodz!J32<=0,0,IFERROR(_xlfn.BINOM.INV(urodz!J32,MAX(0,MIN(1,IFERROR((ca!J31+cb!J31)/MAX(1,z!J31+o!J31+ca!J31+cb!J31),0))),RAND()),0)) | K32: =IF(urodz!K32<=0,0,IFERROR(_xlfn.BINOM.INV(urodz!K32,MAX(0,MIN(1,IFERROR((ca!K31+cb!K31)/MAX(1,z!K31+o!K31+ca!K31+cb!K31),0))),RAND()),0))

Sheet nat_z
A1: t \ a | B1: a=1 | C1: a=2 | D1: a=3 | E1: a=4 | F1: a=5 | G1: a=6 | H1: a=7 | I1: a=8 | J1: a=9 | K1: a=10
A2: 0 | B2: 0 | C2: 0 | D2: 0 | E2: 0 | F2: 0 | G2: 0 | H2: 0 | I2: 0 | J2: 0 | K2: 0
A3: 1 | B3: =IFERROR(_xlfn.BINOM.INV(MAX(0,(SUM(urodz!C3:K3)-SUM(urodz_ch!C3:K3))),MAX(0,MIN(1,VLOOKUP(1,h_nat_tbl,2,FALSE))),RAND()),0) | C3: =IFERROR(_xlfn.BINOM.INV(MAX(0,(z!B2-pca!B3+o!B2)),MAX(0,MIN(1,VLOOKUP(2,h_nat_tbl,2,FALSE))),RAND()),0) | D3: =IFERROR(_xlfn.BINOM.INV(MAX(0,(z!C2-pca!C3+o!C2)),MAX(0,MIN(1,VLOOKUP(3,h_nat_tbl,2,FALSE))),RAND()),0) | E3: =IFERROR(_xlfn.BINOM.INV(MAX(0,(z!D2-pca!D3+o!D2)),MAX(0,MIN(1,VLOOKUP(4,h_nat_tbl,2,FALSE))),RAND()),0) | F3: =IFERROR(_xlfn.BINOM.INV(MAX(0,(z!E2-pca!E3+o!E2)),MAX(0,MIN(1,VLOOKUP(5,h_nat_tbl,2,FALSE))),RAND()),0) | G3: =IFERROR(_xlfn.BINOM.INV(MAX(0,(z!F2-pca!F3+o!F2)),MAX(0,MIN(1,VLOOKUP(6,h_nat_tbl,2,FALSE))),RAND()),0) | H3: =IFERROR(_xlfn.BINOM.INV(MAX(0,(z!G2-pca!G3+o!G2)),MAX(0,MIN(1,VLOOKUP(7,h_nat_tbl,2,FALSE))),RAND()),0) | I3: =IFERROR(_xlfn.BINOM.INV(MAX(0,(z!H2-pca!H3+o!H2)),MAX(0,MIN(1,VLOOKUP(8,h_nat_tbl,2,FALSE))),RAND()),0) | J3: =IFERROR(_xlfn.BINOM.INV(MAX(0,(z!I2-pca!I3+o!I2)),MAX(0,MIN(1,VLOOKUP(9,h_nat_tbl,2,FALSE))),RAND()),0) | K3: =IFERROR(_xlfn.BINOM.INV(MAX(0,(z!J2-pca!J3+o!J2)),MAX(0,MIN(1,VLOOKUP(10,h_nat_tbl,2,FALSE))),RAND()),0)
A4: 2 | B4: =IFERROR(_xlfn.BINOM.INV(MAX(0,(SUM(urodz!C4:K4)-SUM(urodz_ch!C4:K4))),MAX(0,MIN(1,VLOOKUP(1,h_nat_tbl,2,FALSE))),RAND()),0) | C4: =IFERROR(_xlfn.BINOM.INV(MAX(0,(z!B3-pca!B4+o!B3)),MAX(0,MIN(1,VLOOKUP(2,h_nat_tbl,2,FALSE))),RAND()),0) | D4: =IFERROR(_xlfn.BINOM.INV(MAX(0,(z!C3-pca!C4+o!C3)),MAX(0,MIN(1,VLOOKUP(3,h_nat_tbl,2,FALSE))),RAND()),0) | E4: =IFERROR(_xlfn.BINOM.INV(MAX(0,(z!D3-pca!D4+o!D3)),MAX(0,MIN(1,VLOOKUP(4,h_nat_tbl,2,FALSE))),RAND()),0) | F4: =IFERROR(_xlfn.BINOM.INV(MAX(0,(z!E3-pca!E4+o!E3)),MAX(0,MIN(1,VLOOKUP(5,h_nat_tbl,2,FALSE))),RAND()),0) | G4: =IFERROR(_xlfn.BINOM.INV(MAX(0,(z!F3-pca!F4+o!F3)),MAX(0,MIN(1,VLOOKUP(6,h_nat_tbl,2,FALSE))),RAND()),0) | H4: =IFERROR(_xlfn.BINOM.INV(MAX(0,(z!G3-pca!G4+o!G3)),MAX(0,MIN(1,VLOOKUP(7,h_nat_tbl,2,FALSE))),RAND()),0) | I4: =IFERROR(_xlfn.BINOM.INV(MAX(0,(z!H3-pca!H4+o!H3)),MAX(0,MIN(1,VLOOKUP(8,h_nat_tbl,2,FALSE))),RAND()),0) | J4: =IFERROR(_xlfn.BINOM.INV(MAX(0,(z!I3-pca!I4+o!I3)),MAX(0,MIN(1,VLOOKUP(9,h_nat_tbl,2,FALSE))),RAND()),0) | K4: =IFERROR(_xlfn.BINOM.INV(MAX(0,(z!J3-pca!J4+o!J3)),MAX(0,MIN(1,VLOOKUP(10,h_nat_tbl,2,FALSE))),RAND()),0)
A5: 3 | B5: =IFERROR(_xlfn.BINOM.INV(MAX(0,(SUM(urodz!C5:K5)-SUM(urodz_ch!C5:K5))),MAX(0,MIN(1,VLOOKUP(1,h_nat_tbl,2,FALSE))),RAND()),0) | C5: =IFERROR(_xlfn.BINOM.INV(MAX(0,(z!B4-pca!B5+o!B4)),MAX(0,MIN(1,VLOOKUP(2,h_nat_tbl,2,FALSE))),RAND()),0) | D5: =IFERROR(_xlfn.BINOM.INV(MAX(0,(z!C4-pca!C5+o!C4)),MAX(0,MIN(1,VLOOKUP(3,h_nat_tbl,2,FALSE))),RAND()),0) | E5: =IFERROR(_xlfn.BINOM.INV(MAX(0,(z!D4-pca!D5+o!D4)),MAX(0,MIN(1,VLOOKUP(4,h_nat_tbl,2,FALSE))),RAND()),0) | F5: =IFERROR(_xlfn.BINOM.INV(MAX(0,(z!E4-pca!E5+o!E4)),MAX(0,MIN(1,VLOOKUP(5,h_nat_tbl,2,FALSE))),RAND()),0) | G5: =IFERROR(_xlfn.BINOM.INV(MAX(0,(z!F4-pca!F5+o!F4)),MAX(0,MIN(1,VLOOKUP(6,h_nat_tbl,2,FALSE))),RAND()),0) | H5: =IFERROR(_xlfn.BINOM.INV(MAX(0,(z!G4-pca!G5+o!G4)),MAX(0,MIN(1,VLOOKUP(7,h_nat_tbl,2,FALSE))),RAND()),0) | I5: =IFERROR(_xlfn.BINOM.INV(MAX(0,(z!H4-pca!H5+o!H4)),MAX(0,MIN(1,VLOOKUP(8,h_nat_tbl,2,FALSE))),RAND()),0) | J5: =IFERROR(_xlfn.BINOM.INV(MAX(0,(z!I4-pca!I5+o!I4)),MAX(0,MIN(1,VLOOKUP(9,h_nat_tbl,2,FALSE))),RAND()),0) | K5: =IFERROR(_xlfn.BINOM.INV(MAX(0,(z!J4-pca!J5+o!J4)),MAX(0,MIN(1,VLOOKUP(10,h_nat_tbl,2,FALSE))),RAND()),0)
A6: 4 | B6: =IFERROR(_xlfn.BINOM.INV(MAX(0,(SUM(urodz!C6:K6)-SUM(urodz_ch!C6:K6))),MAX(0,MIN(1,VLOOKUP(1,h_nat_tbl,2,FALSE))),RAND()),0) | C6: =IFERROR(_xlfn.BINOM.INV(MAX(0,(z!B5-pca!B6+o!B5)),MAX(0,MIN(1,VLOOKUP(2,h_nat_tbl,2,FALSE))),RAND()),0) | D6: =IFERROR(_xlfn.BINOM.INV(MAX(0,(z!C5-pca!C6+o!C5)),MAX(0,MIN(1,VLOOKUP(3,h_nat_tbl,2,FALSE))),RAND()),0) | E6: =IFERROR(_xlfn.BINOM.INV(MAX(0,(z!D5-pca!D6+o!D5)),MAX(0,MIN(1,VLOOKUP(4,h_nat_tbl,2,FALSE))),RAND()),0) | F6: =IFERROR(_xlfn.BINOM.INV(MAX(0,(z!E5-pca!E6+o!E5)),MAX(0,MIN(1,VLOOKUP(5,h_nat_tbl,2,FALSE))),RAND()),0) | G6: =IFERROR(_xlfn.BINOM.INV(MAX(0,(z!F5-pca!F6+o!F5)),MAX(0,MIN(1,VLOOKUP(6,h_nat_tbl,2,FALSE))),RAND()),0) | H6: =IFERROR(_xlfn.BINOM.INV(MAX(0,(z!G5-pca!G6+o!G5)),MAX(0,MIN(1,VLOOKUP(7,h_nat_tbl,2,FALSE))),RAND()),0) | I6: =IFERROR(_xlfn.BINOM.INV(MAX(0,(z!H5-pca!H6+o!H5)),MAX(0,MIN(1,VLOOKUP(8,h_nat_tbl,2,FALSE))),RAND()),0) | J6: =IFERROR(_xlfn.BINOM.INV(MAX(0,(z!I5-pca!I6+o!I5)),MAX(0,MIN(1,VLOOKUP(9,h_nat_tbl,2,FALSE))),RAND()),0) | K6: =IFERROR(_xlfn.BINOM.INV(MAX(0,(z!J5-pca!J6+o!J5)),MAX(0,MIN(1,VLOOKUP(10,h_nat_tbl,2,FALSE))),RAND()),0)
A7: 5 | B7: =IFERROR(_xlfn.BINOM.INV(MAX(0,(SUM(urodz!C7:K7)-SUM(urodz_ch!C7:K7))),MAX(0,MIN(1,VLOOKUP(1,h_nat_tbl,2,FALSE))),RAND()),0) | C7: =IFERROR(_xlfn.BINOM.INV(MAX(0,(z!B6-pca!B7+o!B6)),MAX(0,MIN(1,VLOOKUP(2,h_nat_tbl,2,FALSE))),RAND()),0) | D7: =IFERROR(_xlfn.BINOM.INV(MAX(0,(z!C6-pca!C7+o!C6)),MAX(0,MIN(1,VLOOKUP(3,h_nat_tbl,2,FALSE))),RAND()),0) | E7: =IFERROR(_xlfn.BINOM.INV(MAX(0,(z!D6-pca!D7+o!D6)),MAX(0,MIN(1,VLOOKUP(4,h_nat_tbl,2,FALSE))),RAND()),0) | F7: =IFERROR(_xlfn.BINOM.INV(MAX(0,(z!E6-pca!E7+o!E6)),MAX(0,MIN(1,VLOOKUP(5,h_nat_tbl,2,FALSE))),RAND()),0) | G7: =IFERROR(_xlfn.BINOM.INV(MAX(0,(z!F6-pca!F7+o!F6)),MAX(0,MIN(1,VLOOKUP(6,h_nat_tbl,2,FALSE))),RAND()),0) | H7: =IFERROR(_xlfn.BINOM.INV(MAX(0,(z!G6-pca!G7+o!G6)),MAX(0,MIN(1,VLOOKUP(7,h_nat_tbl,2,FALSE))),RAND()),0) | I7: =IFERROR(_xlfn.BINOM.INV(MAX(0,(z!H6-pca!H7+o!H6)),MAX(0,MIN(1,VLOOKUP(8,h_nat_tbl,2,FALSE))),RAND()),0) | J7: =IFERROR(_xlfn.BINOM.INV(MAX(0,(z!I6-pca!I7+o!I6)),MAX(0,MIN(1,VLOOKUP(9,h_nat_tbl,2,FALSE))),RAND()),0) | K7: =IFERROR(_xlfn.BINOM.INV(MAX(0,(z!J6-pca!J7+o!J6)),MAX(0,MIN(1,VLOOKUP(10,h_nat_tbl,2,FALSE))),RAND()),0)
A8: 6 | B8: =IFERROR(_xlfn.BINOM.INV(MAX(0,(SUM(urodz!C8:K8)-SUM(urodz_ch!C8:K8))),MAX(0,MIN(1,VLOOKUP(1,h_nat_tbl,2,FALSE))),RAND()),0) | C8: =IFERROR(_xlfn.BINOM.INV(MAX(0,(z!B7-pca!B8+o!B7)),MAX(0,MIN(1,VLOOKUP(2,h_nat_tbl,2,FALSE))),RAND()),0) | D8: =IFERROR(_xlfn.BINOM.INV(MAX(0,(z!C7-pca!C8+o!C7)),MAX(0,MIN(1,VLOOKUP(3,h_nat_tbl,2,FALSE))),RAND()),0) | E8: =IFERROR(_xlfn.BINOM.INV(MAX(0,(z!D7-pca!D8+o!D7)),MAX(0,MIN(1,VLOOKUP(4,h_nat_tbl,2,FALSE))),RAND()),0) | F8: =IFERROR(_xlfn.BINOM.INV(MAX(0,(z!E7-pca!E8+o!E7)),MAX(0,MIN(1,VLOOKUP(5,h_nat_tbl,2,FALSE))),RAND()),0) | G8: =IFERROR(_xlfn.BINOM.INV(MAX(0,(z!F7-pca!F8+o!F7)),MAX(0,MIN(1,VLOOKUP(6,h_nat_tbl,2,FALSE))),RAND()),0) | H8: =IFERROR(_xlfn.BINOM.INV(MAX(0,(z!G7-pca!G8+o!G7)),MAX(0,MIN(1,VLOOKUP(7,h_nat_tbl,2,FALSE))),RAND()),0) | I8: =IFERROR(_xlfn.BINOM.INV(MAX(0,(z!H7-pca!H8+o!H7)),MAX(0,MIN(1,VLOOKUP(8,h_nat_tbl,2,FALSE))),RAND()),0) | J8: =IFERROR(_xlfn.BINOM.INV(MAX(0,(z!I7-pca!I8+o!I7)),MAX(0,MIN(1,VLOOKUP(9,h_nat_tbl,2,FALSE))),RAND()),0) | K8: =IFERROR(_xlfn.BINOM.INV(MAX(0,(z!J7-pca!J8+o!J7)),MAX(0,MIN(1,VLOOKUP(10,h_nat_tbl,2,FALSE))),RAND()),0)
A9: 7 | B9: =IFERROR(_xlfn.BINOM.INV(MAX(0,(SUM(urodz!C9:K9)-SUM(urodz_ch!C9:K9))),MAX(0,MIN(1,VLOOKUP(1,h_nat_tbl,2,FALSE))),RAND()),0) | C9: =IFERROR(_xlfn.BINOM.INV(MAX(0,(z!B8-pca!B9+o!B8)),MAX(0,MIN(1,VLOOKUP(2,h_nat_tbl,2,FALSE))),RAND()),0) | D9: =IFERROR(_xlfn.BINOM.INV(MAX(0,(z!C8-pca!C9+o!C8)),MAX(0,MIN(1,VLOOKUP(3,h_nat_tbl,2,FALSE))),RAND()),0) | E9: =IFERROR(_xlfn.BINOM.INV(MAX(0,(z!D8-pca!D9+o!D8)),MAX(0,MIN(1,VLOOKUP(4,h_nat_tbl,2,FALSE))),RAND()),0) | F9: =IFERROR(_xlfn.BINOM.INV(MAX(0,(z!E8-pca!E9+o!E8)),MAX(0,MIN(1,VLOOKUP(5,h_nat_tbl,2,FALSE))),RAND()),0) | G9: =IFERROR(_xlfn.BINOM.INV(MAX(0,(z!F8-pca!F9+o!F8)),MAX(0,MIN(1,VLOOKUP(6,h_nat_tbl,2,FALSE))),RAND()),0) | H9: =IFERROR(_xlfn.BINOM.INV(MAX(0,(z!G8-pca!G9+o!G8)),MAX(0,MIN(1,VLOOKUP(7,h_nat_tbl,2,FALSE))),RAND()),0) | I9: =IFERROR(_xlfn.BINOM.INV(MAX(0,(z!H8-pca!H9+o!H8)),MAX(0,MIN(1,VLOOKUP(8,h_nat_tbl,2,FALSE))),RAND()),0) | J9: =IFERROR(_xlfn.BINOM.INV(MAX(0,(z!I8-pca!I9+o!I8)),MAX(0,MIN(1,VLOOKUP(9,h_nat_tbl,2,FALSE))),RAND()),0) | K9: =IFERROR(_xlfn.BINOM.INV(MAX(0,(z!J8-pca!J9+o!J8)),MAX(0,MIN(1,VLOOKUP(10,h_nat_tbl,2,FALSE))),RAND()),0)
A10: 8 | B10: =IFERROR(_xlfn.BINOM.INV(MAX(0,(SUM(urodz!C10:K10)-SUM(urodz_ch!C10:K10))),MAX(0,MIN(1,VLOOKUP(1,h_nat_tbl,2,FALSE))),RAND()),0) | C10: =IFERROR(_xlfn.BINOM.INV(MAX(0,(z!B9-pca!B10+o!B9)),MAX(0,MIN(1,VLOOKUP(2,h_nat_tbl,2,FALSE))),RAND()),0) | D10: =IFERROR(_xlfn.BINOM.INV(MAX(0,(z!C9-pca!C10+o!C9)),MAX(0,MIN(1,VLOOKUP(3,h_nat_tbl,2,FALSE))),RAND()),0) | E10: =IFERROR(_xlfn.BINOM.INV(MAX(0,(z!D9-pca!D10+o!D9)),MAX(0,MIN(1,VLOOKUP(4,h_nat_tbl,2,FALSE))),RAND()),0) | F10: =IFERROR(_xlfn.BINOM.INV(MAX(0,(z!E9-pca!E10+o!E9)),MAX(0,MIN(1,VLOOKUP(5,h_nat_tbl,2,FALSE))),RAND()),0) | G10: =IFERROR(_xlfn.BINOM.INV(MAX(0,(z!F9-pca!F10+o!F9)),MAX(0,MIN(1,VLOOKUP(6,h_nat_tbl,2,FALSE))),RAND()),0) | H10: =IFERROR(_xlfn.BINOM.INV(MAX(0,(z!G9-pca!G10+o!G9)),MAX(0,MIN(1,VLOOKUP(7,h_nat_tbl,2,FALSE))),RAND()),0) | I10: =IFERROR(_xlfn.BINOM.INV(MAX(0,(z!H9-pca!H10+o!H9)),MAX(0,MIN(1,VLOOKUP(8,h_nat_tbl,2,FALSE))),RAND()),0) | J10: =IFERROR(_xlfn.BINOM.INV(MAX(0,(z!I9-pca!I10+o!I9)),MAX(0,MIN(1,VLOOKUP(9,h_nat_tbl,2,FALSE))),RAND()),0) | K10: =IFERROR(_xlfn.BINOM.INV(MAX(0,(z!J9-pca!J10+o!J9)),MAX(0,MIN(1,VLOOKUP(10,h_nat_tbl,2,FALSE))),RAND()),0)
A11: 9 | B11: =IFERROR(_xlfn.BINOM.INV(MAX(0,(SUM(urodz!C11:K11)-SUM(urodz_ch!C11:K11))),MAX(0,MIN(1,VLOOKUP(1,h_nat_tbl,2,FALSE))),RAND()),0) | C11: =IFERROR(_xlfn.BINOM.INV(MAX(0,(z!B10-pca!B11+o!B10)),MAX(0,MIN(1,VLOOKUP(2,h_nat_tbl,2,FALSE))),RAND()),0) | D11: =IFERROR(_xlfn.BINOM.INV(MAX(0,(z!C10-pca!C11+o!C10)),MAX(0,MIN(1,VLOOKUP(3,h_nat_tbl,2,FALSE))),RAND()),0) | E11: =IFERROR(_xlfn.BINOM.INV(MAX(0,(z!D10-pca!D11+o!D10)),MAX(0,MIN(1,VLOOKUP(4,h_nat_tbl,2,FALSE))),RAND()),0) | F11: =IFERROR(_xlfn.BINOM.INV(MAX(0,(z!E10-pca!E11+o!E10)),MAX(0,MIN(1,VLOOKUP(5,h_nat_tbl,2,FALSE))),RAND()),0) | G11: =IFERROR(_xlfn.BINOM.INV(MAX(0,(z!F10-pca!F11+o!F10)),MAX(0,MIN(1,VLOOKUP(6,h_nat_tbl,2,FALSE))),RAND()),0) | H11: =IFERROR(_xlfn.BINOM.INV(MAX(0,(z!G10-pca!G11+o!G10)),MAX(0,MIN(1,VLOOKUP(7,h_nat_tbl,2,FALSE))),RAND()),0) | I11: =IFERROR(_xlfn.BINOM.INV(MAX(0,(z!H10-pca!H11+o!H10)),MAX(0,MIN(1,VLOOKUP(8,h_nat_tbl,2,FALSE))),RAND()),0) | J11: =IFERROR(_xlfn.BINOM.INV(MAX(0,(z!I10-pca!I11+o!I10)),MAX(0,MIN(1,VLOOKUP(9,h_nat_tbl,2,FALSE))),RAND()),0) | K11: =IFERROR(_xlfn.BINOM.INV(MAX(0,(z!J10-pca!J11+o!J10)),MAX(0,MIN(1,VLOOKUP(10,h_nat_tbl,2,FALSE))),RAND()),0)
A12: 10 | B12: =IFERROR(_xlfn.BINOM.INV(MAX(0,(SUM(urodz!C12:K12)-SUM(urodz_ch!C12:K12))),MAX(0,MIN(1,VLOOKUP(1,h_nat_tbl,2,FALSE))),RAND()),0) | C12: =IFERROR(_xlfn.BINOM.INV(MAX(0,(z!B11-pca!B12+o!B11)),MAX(0,MIN(1,VLOOKUP(2,h_nat_tbl,2,FALSE))),RAND()),0) | D12: =IFERROR(_xlfn.BINOM.INV(MAX(0,(z!C11-pca!C12+o!C11)),MAX(0,MIN(1,VLOOKUP(3,h_nat_tbl,2,FALSE))),RAND()),0) | E12: =IFERROR(_xlfn.BINOM.INV(MAX(0,(z!D11-pca!D12+o!D11)),MAX(0,MIN(1,VLOOKUP(4,h_nat_tbl,2,FALSE))),RAND()),0) | F12: =IFERROR(_xlfn.BINOM.INV(MAX(0,(z!E11-pca!E12+o!E11)),MAX(0,MIN(1,VLOOKUP(5,h_nat_tbl,2,FALSE))),RAND()),0) | G12: =IFERROR(_xlfn.BINOM.INV(MAX(0,(z!F11-pca!F12+o!F11)),MAX(0,MIN(1,VLOOKUP(6,h_nat_tbl,2,FALSE))),RAND()),0) | H12: =IFERROR(_xlfn.BINOM.INV(MAX(0,(z!G11-pca!G12+o!G11)),MAX(0,MIN(1,VLOOKUP(7,h_nat_tbl,2,FALSE))),RAND()),0) | I12: =IFERROR(_xlfn.BINOM.INV(MAX(0,(z!H11-pca!H12+o!H11)),MAX(0,MIN(1,VLOOKUP(8,h_nat_tbl,2,FALSE))),RAND()),0) | J12: =IFERROR(_xlfn.BINOM.INV(MAX(0,(z!I11-pca!I12+o!I11)),MAX(0,MIN(1,VLOOKUP(9,h_nat_tbl,2,FALSE))),RAND()),0) | K12: =IFERROR(_xlfn.BINOM.INV(MAX(0,(z!J11-pca!J12+o!J11)),MAX(0,MIN(1,VLOOKUP(10,h_nat_tbl,2,FALSE))),RAND()),0)
A13: 11 | B13: =IFERROR(_xlfn.BINOM.INV(MAX(0,(SUM(urodz!C13:K13)-SUM(urodz_ch!C13:K13))),MAX(0,MIN(1,VLOOKUP(1,h_nat_tbl,2,FALSE))),RAND()),0) | C13: =IFERROR(_xlfn.BINOM.INV(MAX(0,(z!B12-pca!B13+o!B12)),MAX(0,MIN(1,VLOOKUP(2,h_nat_tbl,2,FALSE))),RAND()),0) | D13: =IFERROR(_xlfn.BINOM.INV(MAX(0,(z!C12-pca!C13+o!C12)),MAX(0,MIN(1,VLOOKUP(3,h_nat_tbl,2,FALSE))),RAND()),0) | E13: =IFERROR(_xlfn.BINOM.INV(MAX(0,(z!D12-pca!D13+o!D12)),MAX(0,MIN(1,VLOOKUP(4,h_nat_tbl,2,FALSE))),RAND()),0) | F13: =IFERROR(_xlfn.BINOM.INV(MAX(0,(z!E12-pca!E13+o!E12)),MAX(0,MIN(1,VLOOKUP(5,h_nat_tbl,2,FALSE))),RAND()),0) | G13: =IFERROR(_xlfn.BINOM.INV(MAX(0,(z!F12-pca!F13+o!F12)),MAX(0,MIN(1,VLOOKUP(6,h_nat_tbl,2,FALSE))),RAND()),0) | H13: =IFERROR(_xlfn.BINOM.INV(MAX(0,(z!G12-pca!G13+o!G12)),MAX(0,MIN(1,VLOOKUP(7,h_nat_tbl,2,FALSE))),RAND()),0) | I13: =IFERROR(_xlfn.BINOM.INV(MAX(0,(z!H12-pca!H13+o!H12)),MAX(0,MIN(1,VLOOKUP(8,h_nat_tbl,2,FALSE))),RAND()),0) | J13: =IFERROR(_xlfn.BINOM.INV(MAX(0,(z!I12-pca!I13+o!I12)),MAX(0,MIN(1,VLOOKUP(9,h_nat_tbl,2,FALSE))),RAND()),0) | K13: =IFERROR(_xlfn.BINOM.INV(MAX(0,(z!J12-pca!J13+o!J12)),MAX(0,MIN(1,VLOOKUP(10,h_nat_tbl,2,FALSE))),RAND()),0)
A14: 12 | B14: =IFERROR(_xlfn.BINOM.INV(MAX(0,(SUM(urodz!C14:K14)-SUM(urodz_ch!C14:K14))),MAX(0,MIN(1,VLOOKUP(1,h_nat_tbl,2,FALSE))),RAND()),0) | C14: =IFERROR(_xlfn.BINOM.INV(MAX(0,(z!B13-pca!B14+o!B13)),MAX(0,MIN(1,VLOOKUP(2,h_nat_tbl,2,FALSE))),RAND()),0) | D14: =IFERROR(_xlfn.BINOM.INV(MAX(0,(z!C13-pca!C14+o!C13)),MAX(0,MIN(1,VLOOKUP(3,h_nat_tbl,2,FALSE))),RAND()),0) | E14: =IFERROR(_xlfn.BINOM.INV(MAX(0,(z!D13-pca!D14+o!D13)),MAX(0,MIN(1,VLOOKUP(4,h_nat_tbl,2,FALSE))),RAND()),0) | F14: =IFERROR(_xlfn.BINOM.INV(MAX(0,(z!E13-pca!E14+o!E13)),MAX(0,MIN(1,VLOOKUP(5,h_nat_tbl,2,FALSE))),RAND()),0) | G14: =IFERROR(_xlfn.BINOM.INV(MAX(0,(z!F13-pca!F14+o!F13)),MAX(0,MIN(1,VLOOKUP(6,h_nat_tbl,2,FALSE))),RAND()),0) | H14: =IFERROR(_xlfn.BINOM.INV(MAX(0,(z!G13-pca!G14+o!G13)),MAX(0,MIN(1,VLOOKUP(7,h_nat_tbl,2,FALSE))),RAND()),0) | I14: =IFERROR(_xlfn.BINOM.INV(MAX(0,(z!H13-pca!H14+o!H13)),MAX(0,MIN(1,VLOOKUP(8,h_nat_tbl,2,FALSE))),RAND()),0) | J14: =IFERROR(_xlfn.BINOM.INV(MAX(0,(z!I13-pca!I14+o!I13)),MAX(0,MIN(1,VLOOKUP(9,h_nat_tbl,2,FALSE))),RAND()),0) | K14: =IFERROR(_xlfn.BINOM.INV(MAX(0,(z!J13-pca!J14+o!J13)),MAX(0,MIN(1,VLOOKUP(10,h_nat_tbl,2,FALSE))),RAND()),0)
... A32: 30 | B32: =IFERROR(_xlfn.BINOM.INV(MAX(0,(SUM(urodz!C32:K32)-SUM(urodz_ch!C32:K32))),MAX(0,MIN(1,VLOOKUP(1,h_nat_tbl,2,FALSE))),RAND()),0) | C32: =IFERROR(_xlfn.BINOM.INV(MAX(0,(z!B31-pca!B32+o!B31)),MAX(0,MIN(1,VLOOKUP(2,h_nat_tbl,2,FALSE))),RAND()),0) | D32: =IFERROR(_xlfn.BINOM.INV(MAX(0,(z!C31-pca!C32+o!C31)),MAX(0,MIN(1,VLOOKUP(3,h_nat_tbl,2,FALSE))),RAND()),0) | E32: =IFERROR(_xlfn.BINOM.INV(MAX(0,(z!D31-pca!D32+o!D31)),MAX(0,MIN(1,VLOOKUP(4,h_nat_tbl,2,FALSE))),RAND()),0) | F32: =IFERROR(_xlfn.BINOM.INV(MAX(0,(z!E31-pca!E32+o!E31)),MAX(0,MIN(1,VLOOKUP(5,h_nat_tbl,2,FALSE))),RAND()),0) | G32: =IFERROR(_xlfn.BINOM.INV(MAX(0,(z!F31-pca!F32+o!F31)),MAX(0,MIN(1,VLOOKUP(6,h_nat_tbl,2,FALSE))),RAND()),0) | H32: =IFERROR(_xlfn.BINOM.INV(MAX(0,(z!G31-pca!G32+o!G31)),MAX(0,MIN(1,VLOOKUP(7,h_nat_tbl,2,FALSE))),RAND()),0) | I32: =IFERROR(_xlfn.BINOM.INV(MAX(0,(z!H31-pca!H32+o!H31)),MAX(0,MIN(1,VLOOKUP(8,h_nat_tbl,2,FALSE))),RAND()),0) | J32: =IFERROR(_xlfn.BINOM.INV(MAX(0,(z!I31-pca!I32+o!I31)),MAX(0,MIN(1,VLOOKUP(9,h_nat_tbl,2,FALSE))),RAND()),0) | K32: =IFERROR(_xlfn.BINOM.INV(MAX(0,(z!J31-pca!J32+o!J31)),MAX(0,MIN(1,VLOOKUP(10,h_nat_tbl,2,FALSE))),RAND()),0)

Sheet nat_o
A1: t \ a | B1: a=1 | C1: a=2 | D1: a=3 | E1: a=4 | F1: a=5 | G1: a=6 | H1: a=7 | I1: a=8 | J1: a=9 | K1: a=10
A2: 0 | B2: 0 | C2: 0 | D2: 0 | E2: 0 | F2: 0 | G2: 0 | H2: 0 | I2: 0 | J2: 0 | K2: 0
A3: 1 | B3: =IFERROR(_xlfn.BINOM.INV(MAX(0,0),MAX(0,MIN(1,VLOOKUP(1,h_nat_tbl,2,FALSE))),RAND()),0) | C3: =IFERROR(_xlfn.BINOM.INV(MAX(0,(cb!B2-pu!B3)),MAX(0,MIN(1,VLOOKUP(2,h_nat_tbl,2,FALSE))),RAND()),0) | D3: =IFERROR(_xlfn.BINOM.INV(MAX(0,(cb!C2-pu!C3)),MAX(0,MIN(1,VLOOKUP(3,h_nat_tbl,2,FALSE))),RAND()),0) | E3: =IFERROR(_xlfn.BINOM.INV(MAX(0,(cb!D2-pu!D3)),MAX(0,MIN(1,VLOOKUP(4,h_nat_tbl,2,FALSE))),RAND()),0) | F3: =IFERROR(_xlfn.BINOM.INV(MAX(0,(cb!E2-pu!E3)),MAX(0,MIN(1,VLOOKUP(5,h_nat_tbl,2,FALSE))),RAND()),0) | G3: =IFERROR(_xlfn.BINOM.INV(MAX(0,(cb!F2-pu!F3)),MAX(0,MIN(1,VLOOKUP(6,h_nat_tbl,2,FALSE))),RAND()),0) | H3: =IFERROR(_xlfn.BINOM.INV(MAX(0,(cb!G2-pu!G3)),MAX(0,MIN(1,VLOOKUP(7,h_nat_tbl,2,FALSE))),RAND()),0) | I3: =IFERROR(_xlfn.BINOM.INV(MAX(0,(cb!H2-pu!H3)),MAX(0,MIN(1,VLOOKUP(8,h_nat_tbl,2,FALSE))),RAND()),0) | J3: =IFERROR(_xlfn.BINOM.INV(MAX(0,(cb!I2-pu!I3)),MAX(0,MIN(1,VLOOKUP(9,h_nat_tbl,2,FALSE))),RAND()),0) | K3: =IFERROR(_xlfn.BINOM.INV(MAX(0,(cb!J2-pu!J3)),MAX(0,MIN(1,VLOOKUP(10,h_nat_tbl,2,FALSE))),RAND()),0)
A4: 2 | B4: =IFERROR(_xlfn.BINOM.INV(MAX(0,0),MAX(0,MIN(1,VLOOKUP(1,h_nat_tbl,2,FALSE))),RAND()),0) | C4: =IFERROR(_xlfn.BINOM.INV(MAX(0,(cb!B3-pu!B4)),MAX(0,MIN(1,VLOOKUP(2,h_nat_tbl,2,FALSE))),RAND()),0) | D4: =IFERROR(_xlfn.BINOM.INV(MAX(0,(cb!C3-pu!C4)),MAX(0,MIN(1,VLOOKUP(3,h_nat_tbl,2,FALSE))),RAND()),0) | E4: =IFERROR(_xlfn.BINOM.INV(MAX(0,(cb!D3-pu!D4)),MAX(0,MIN(1,VLOOKUP(4,h_nat_tbl,2,FALSE))),RAND()),0) | F4: =IFERROR(_xlfn.BINOM.INV(MAX(0,(cb!E3-pu!E4)),MAX(0,MIN(1,VLOOKUP(5,h_nat_tbl,2,FALSE))),RAND()),0) | G4: =IFERROR(_xlfn.BINOM.INV(MAX(0,(cb!F3-pu!F4)),MAX(0,MIN(1,VLOOKUP(6,h_nat_tbl,2,FALSE))),RAND()),0) | H4: =IFERROR(_xlfn.BINOM.INV(MAX(0,(cb!G3-pu!G4)),MAX(0,MIN(1,VLOOKUP(7,h_nat_tbl,2,FALSE))),RAND()),0) | I4: =IFERROR(_xlfn.BINOM.INV(MAX(0,(cb!H3-pu!H4)),MAX(0,MIN(1,VLOOKUP(8,h_nat_tbl,2,FALSE))),RAND()),0) | J4: =IFERROR(_xlfn.BINOM.INV(MAX(0,(cb!I3-pu!I4)),MAX(0,MIN(1,VLOOKUP(9,h_nat_tbl,2,FALSE))),RAND()),0) | K4: =IFERROR(_xlfn.BINOM.INV(MAX(0,(cb!J3-pu!J4)),MAX(0,MIN(1,VLOOKUP(10,h_nat_tbl,2,FALSE))),RAND()),0)
A5: 3 | B5: =IFERROR(_xlfn.BINOM.INV(MAX(0,0),MAX(0,MIN(1,VLOOKUP(1,h_nat_tbl,2,FALSE))),RAND()),0) | C5: =IFERROR(_xlfn.BINOM.INV(MAX(0,(cb!B4-pu!B5)),MAX(0,MIN(1,VLOOKUP(2,h_nat_tbl,2,FALSE))),RAND()),0) | D5: =IFERROR(_xlfn.BINOM.INV(MAX(0,(cb!C4-pu!C5)),MAX(0,MIN(1,VLOOKUP(3,h_nat_tbl,2,FALSE))),RAND()),0) | E5: =IFERROR(_xlfn.BINOM.INV(MAX(0,(cb!D4-pu!D5)),MAX(0,MIN(1,VLOOKUP(4,h_nat_tbl,2,FALSE))),RAND()),0) | F5: =IFERROR(_xlfn.BINOM.INV(MAX(0,(cb!E4-pu!E5)),MAX(0,MIN(1,VLOOKUP(5,h_nat_tbl,2,FALSE))),RAND()),0) | G5: =IFERROR(_xlfn.BINOM.INV(MAX(0,(cb!F4-pu!F5)),MAX(0,MIN(1,VLOOKUP(6,h_nat_tbl,2,FALSE))),RAND()),0) | H5: =IFERROR(_xlfn.BINOM.INV(MAX(0,(cb!G4-pu!G5)),MAX(0,MIN(1,VLOOKUP(7,h_nat_tbl,2,FALSE))),RAND()),0) | I5: =IFERROR(_xlfn.BINOM.INV(MAX(0,(cb!H4-pu!H5)),MAX(0,MIN(1,VLOOKUP(8,h_nat_tbl,2,FALSE))),RAND()),0) | J5: =IFERROR(_xlfn.BINOM.INV(MAX(0,(cb!I4-pu!I5)),MAX(0,MIN(1,VLOOKUP(9,h_nat_tbl,2,FALSE))),RAND()),0) | K5: =IFERROR(_xlfn.BINOM.INV(MAX(0,(cb!J4-pu!J5)),MAX(0,MIN(1,VLOOKUP(10,h_nat_tbl,2,FALSE))),RAND()),0)
A6: 4 | B6: =IFERROR(_xlfn.BINOM.INV(MAX(0,0),MAX(0,MIN(1,VLOOKUP(1,h_nat_tbl,2,FALSE))),RAND()),0) | C6: =IFERROR(_xlfn.BINOM.INV(MAX(0,(cb!B5-pu!B6)),MAX(0,MIN(1,VLOOKUP(2,h_nat_tbl,2,FALSE))),RAND()),0) | D6: =IFERROR(_xlfn.BINOM.INV(MAX(0,(cb!C5-pu!C6)),MAX(0,MIN(1,VLOOKUP(3,h_nat_tbl,2,FALSE))),RAND()),0) | E6: =IFERROR(_xlfn.BINOM.INV(MAX(0,(cb!D5-pu!D6)),MAX(0,MIN(1,VLOOKUP(4,h_nat_tbl,2,FALSE))),RAND()),0) | F6: =IFERROR(_xlfn.BINOM.INV(MAX(0,(cb!E5-pu!E6)),MAX(0,MIN(1,VLOOKUP(5,h_nat_tbl,2,FALSE))),RAND()),0) | G6: =IFERROR(_xlfn.BINOM.INV(MAX(0,(cb!F5-pu!F6)),MAX(0,MIN(1,VLOOKUP(6,h_nat_tbl,2,FALSE))),RAND()),0) | H6: =IFERROR(_xlfn.BINOM.INV(MAX(0,(cb!G5-pu!G6)),MAX(0,MIN(1,VLOOKUP(7,h_nat_tbl,2,FALSE))),RAND()),0) | I6: =IFERROR(_xlfn.BINOM.INV(MAX(0,(cb!H5-pu!H6)),MAX(0,MIN(1,VLOOKUP(8,h_nat_tbl,2,FALSE))),RAND()),0) | J6: =IFERROR(_xlfn.BINOM.INV(MAX(0,(cb!I5-pu!I6)),MAX(0,MIN(1,VLOOKUP(9,h_nat_tbl,2,FALSE))),RAND()),0) | K6: =IFERROR(_xlfn.BINOM.INV(MAX(0,(cb!J5-pu!J6)),MAX(0,MIN(1,VLOOKUP(10,h_nat_tbl,2,FALSE))),RAND()),0)
A7: 5 | B7: =IFERROR(_xlfn.BINOM.INV(MAX(0,0),MAX(0,MIN(1,VLOOKUP(1,h_nat_tbl,2,FALSE))),RAND()),0) | C7: =IFERROR(_xlfn.BINOM.INV(MAX(0,(cb!B6-pu!B7)),MAX(0,MIN(1,VLOOKUP(2,h_nat_tbl,2,FALSE))),RAND()),0) | D7: =IFERROR(_xlfn.BINOM.INV(MAX(0,(cb!C6-pu!C7)),MAX(0,MIN(1,VLOOKUP(3,h_nat_tbl,2,FALSE))),RAND()),0) | E7: =IFERROR(_xlfn.BINOM.INV(MAX(0,(cb!D6-pu!D7)),MAX(0,MIN(1,VLOOKUP(4,h_nat_tbl,2,FALSE))),RAND()),0) | F7: =IFERROR(_xlfn.BINOM.INV(MAX(0,(cb!E6-pu!E7)),MAX(0,MIN(1,VLOOKUP(5,h_nat_tbl,2,FALSE))),RAND()),0) | G7: =IFERROR(_xlfn.BINOM.INV(MAX(0,(cb!F6-pu!F7)),MAX(0,MIN(1,VLOOKUP(6,h_nat_tbl,2,FALSE))),RAND()),0) | H7: =IFERROR(_xlfn.BINOM.INV(MAX(0,(cb!G6-pu!G7)),MAX(0,MIN(1,VLOOKUP(7,h_nat_tbl,2,FALSE))),RAND()),0) | I7: =IFERROR(_xlfn.BINOM.INV(MAX(0,(cb!H6-pu!H7)),MAX(0,MIN(1,VLOOKUP(8,h_nat_tbl,2,FALSE))),RAND()),0) | J7: =IFERROR(_xlfn.BINOM.INV(MAX(0,(cb!I6-pu!I7)),MAX(0,MIN(1,VLOOKUP(9,h_nat_tbl,2,FALSE))),RAND()),0) | K7: =IFERROR(_xlfn.BINOM.INV(MAX(0,(cb!J6-pu!J7)),MAX(0,MIN(1,VLOOKUP(10,h_nat_tbl,2,FALSE))),RAND()),0)
A8: 6 | B8: =IFERROR(_xlfn.BINOM.INV(MAX(0,0),MAX(0,MIN(1,VLOOKUP(1,h_nat_tbl,2,FALSE))),RAND()),0) | C8: =IFERROR(_xlfn.BINOM.INV(MAX(0,(cb!B7-pu!B8)),MAX(0,MIN(1,VLOOKUP(2,h_nat_tbl,2,FALSE))),RAND()),0) | D8: =IFERROR(_xlfn.BINOM.INV(MAX(0,(cb!C7-pu!C8)),MAX(0,MIN(1,VLOOKUP(3,h_nat_tbl,2,FALSE))),RAND()),0) | E8: =IFERROR(_xlfn.BINOM.INV(MAX(0,(cb!D7-pu!D8)),MAX(0,MIN(1,VLOOKUP(4,h_nat_tbl,2,FALSE))),RAND()),0) | F8: =IFERROR(_xlfn.BINOM.INV(MAX(0,(cb!E7-pu!E8)),MAX(0,MIN(1,VLOOKUP(5,h_nat_tbl,2,FALSE))),RAND()),0) | G8: =IFERROR(_xlfn.BINOM.INV(MAX(0,(cb!F7-pu!F8)),MAX(0,MIN(1,VLOOKUP(6,h_nat_tbl,2,FALSE))),RAND()),0) | H8: =IFERROR(_xlfn.BINOM.INV(MAX(0,(cb!G7-pu!G8)),MAX(0,MIN(1,VLOOKUP(7,h_nat_tbl,2,FALSE))),RAND()),0) | I8: =IFERROR(_xlfn.BINOM.INV(MAX(0,(cb!H7-pu!H8)),MAX(0,MIN(1,VLOOKUP(8,h_nat_tbl,2,FALSE))),RAND()),0) | J8: =IFERROR(_xlfn.BINOM.INV(MAX(0,(cb!I7-pu!I8)),MAX(0,MIN(1,VLOOKUP(9,h_nat_tbl,2,FALSE))),RAND()),0) | K8: =IFERROR(_xlfn.BINOM.INV(MAX(0,(cb!J7-pu!J8)),MAX(0,MIN(1,VLOOKUP(10,h_nat_tbl,2,FALSE))),RAND()),0)
A9: 7 | B9: =IFERROR(_xlfn.BINOM.INV(MAX(0,0),MAX(0,MIN(1,VLOOKUP(1,h_nat_tbl,2,FALSE))),RAND()),0) | C9: =IFERROR(_xlfn.BINOM.INV(MAX(0,(cb!B8-pu!B9)),MAX(0,MIN(1,VLOOKUP(2,h_nat_tbl,2,FALSE))),RAND()),0) | D9: =IFERROR(_xlfn.BINOM.INV(MAX(0,(cb!C8-pu!C9)),MAX(0,MIN(1,VLOOKUP(3,h_nat_tbl,2,FALSE))),RAND()),0) | E9: =IFERROR(_xlfn.BINOM.INV(MAX(0,(cb!D8-pu!D9)),MAX(0,MIN(1,VLOOKUP(4,h_nat_tbl,2,FALSE))),RAND()),0) | F9: =IFERROR(_xlfn.BINOM.INV(MAX(0,(cb!E8-pu!E9)),MAX(0,MIN(1,VLOOKUP(5,h_nat_tbl,2,FALSE))),RAND()),0) | G9: =IFERROR(_xlfn.BINOM.INV(MAX(0,(cb!F8-pu!F9)),MAX(0,MIN(1,VLOOKUP(6,h_nat_tbl,2,FALSE))),RAND()),0) | H9: =IFERROR(_xlfn.BINOM.INV(MAX(0,(cb!G8-pu!G9)),MAX(0,MIN(1,VLOOKUP(7,h_nat_tbl,2,FALSE))),RAND()),0) | I9: =IFERROR(_xlfn.BINOM.INV(MAX(0,(cb!H8-pu!H9)),MAX(0,MIN(1,VLOOKUP(8,h_nat_tbl,2,FALSE))),RAND()),0) | J9: =IFERROR(_xlfn.BINOM.INV(MAX(0,(cb!I8-pu!I9)),MAX(0,MIN(1,VLOOKUP(9,h_nat_tbl,2,FALSE))),RAND()),0) | K9: =IFERROR(_xlfn.BINOM.INV(MAX(0,(cb!J8-pu!J9)),MAX(0,MIN(1,VLOOKUP(10,h_nat_tbl,2,FALSE))),RAND()),0)
A10: 8 | B10: =IFERROR(_xlfn.BINOM.INV(MAX(0,0),MAX(0,MIN(1,VLOOKUP(1,h_nat_tbl,2,FALSE))),RAND()),0) | C10: =IFERROR(_xlfn.BINOM.INV(MAX(0,(cb!B9-pu!B10)),MAX(0,MIN(1,VLOOKUP(2,h_nat_tbl,2,FALSE))),RAND()),0) | D10: =IFERROR(_xlfn.BINOM.INV(MAX(0,(cb!C9-pu!C10)),MAX(0,MIN(1,VLOOKUP(3,h_nat_tbl,2,FALSE))),RAND()),0) | E10: =IFERROR(_xlfn.BINOM.INV(MAX(0,(cb!D9-pu!D10)),MAX(0,MIN(1,VLOOKUP(4,h_nat_tbl,2,FALSE))),RAND()),0) | F10: =IFERROR(_xlfn.BINOM.INV(MAX(0,(cb!E9-pu!E10)),MAX(0,MIN(1,VLOOKUP(5,h_nat_tbl,2,FALSE))),RAND()),0) | G10: =IFERROR(_xlfn.BINOM.INV(MAX(0,(cb!F9-pu!F10)),MAX(0,MIN(1,VLOOKUP(6,h_nat_tbl,2,FALSE))),RAND()),0) | H10: =IFERROR(_xlfn.BINOM.INV(MAX(0,(cb!G9-pu!G10)),MAX(0,MIN(1,VLOOKUP(7,h_nat_tbl,2,FALSE))),RAND()),0) | I10: =IFERROR(_xlfn.BINOM.INV(MAX(0,(cb!H9-pu!H10)),MAX(0,MIN(1,VLOOKUP(8,h_nat_tbl,2,FALSE))),RAND()),0) | J10: =IFERROR(_xlfn.BINOM.INV(MAX(0,(cb!I9-pu!I10)),MAX(0,MIN(1,VLOOKUP(9,h_nat_tbl,2,FALSE))),RAND()),0) | K10: =IFERROR(_xlfn.BINOM.INV(MAX(0,(cb!J9-pu!J10)),MAX(0,MIN(1,VLOOKUP(10,h_nat_tbl,2,FALSE))),RAND()),0)
A11: 9 | B11: =IFERROR(_xlfn.BINOM.INV(MAX(0,0),MAX(0,MIN(1,VLOOKUP(1,h_nat_tbl,2,FALSE))),RAND()),0) | C11: =IFERROR(_xlfn.BINOM.INV(MAX(0,(cb!B10-pu!B11)),MAX(0,MIN(1,VLOOKUP(2,h_nat_tbl,2,FALSE))),RAND()),0) | D11: =IFERROR(_xlfn.BINOM.INV(MAX(0,(cb!C10-pu!C11)),MAX(0,MIN(1,VLOOKUP(3,h_nat_tbl,2,FALSE))),RAND()),0) | E11: =IFERROR(_xlfn.BINOM.INV(MAX(0,(cb!D10-pu!D11)),MAX(0,MIN(1,VLOOKUP(4,h_nat_tbl,2,FALSE))),RAND()),0) | F11: =IFERROR(_xlfn.BINOM.INV(MAX(0,(cb!E10-pu!E11)),MAX(0,MIN(1,VLOOKUP(5,h_nat_tbl,2,FALSE))),RAND()),0) | G11: =IFERROR(_xlfn.BINOM.INV(MAX(0,(cb!F10-pu!F11)),MAX(0,MIN(1,VLOOKUP(6,h_nat_tbl,2,FALSE))),RAND()),0) | H11: =IFERROR(_xlfn.BINOM.INV(MAX(0,(cb!G10-pu!G11)),MAX(0,MIN(1,VLOOKUP(7,h_nat_tbl,2,FALSE))),RAND()),0) | I11: =IFERROR(_xlfn.BINOM.INV(MAX(0,(cb!H10-pu!H11)),MAX(0,MIN(1,VLOOKUP(8,h_nat_tbl,2,FALSE))),RAND()),0) | J11: =IFERROR(_xlfn.BINOM.INV(MAX(0,(cb!I10-pu!I11)),MAX(0,MIN(1,VLOOKUP(9,h_nat_tbl,2,FALSE))),RAND()),0) | K11: =IFERROR(_xlfn.BINOM.INV(MAX(0,(cb!J10-pu!J11)),MAX(0,MIN(1,VLOOKUP(10,h_nat_tbl,2,FALSE))),RAND()),0)
A12: 10 | B12: =IFERROR(_xlfn.BINOM.INV(MAX(0,0),MAX(0,MIN(1,VLOOKUP(1,h_nat_tbl,2,FALSE))),RAND()),0) | C12: =IFERROR(_xlfn.BINOM.INV(MAX(0,(cb!B11-pu!B12)),MAX(0,MIN(1,VLOOKUP(2,h_nat_tbl,2,FALSE))),RAND()),0) | D12: =IFERROR(_xlfn.BINOM.INV(MAX(0,(cb!C11-pu!C12)),MAX(0,MIN(1,VLOOKUP(3,h_nat_tbl,2,FALSE))),RAND()),0) | E12: =IFERROR(_xlfn.BINOM.INV(MAX(0,(cb!D11-pu!D12)),MAX(0,MIN(1,VLOOKUP(4,h_nat_tbl,2,FALSE))),RAND()),0) | F12: =IFERROR(_xlfn.BINOM.INV(MAX(0,(cb!E11-pu!E12)),MAX(0,MIN(1,VLOOKUP(5,h_nat_tbl,2,FALSE))),RAND()),0) | G12: =IFERROR(_xlfn.BINOM.INV(MAX(0,(cb!F11-pu!F12)),MAX(0,MIN(1,VLOOKUP(6,h_nat_tbl,2,FALSE))),RAND()),0) | H12: =IFERROR(_xlfn.BINOM.INV(MAX(0,(cb!G11-pu!G12)),MAX(0,MIN(1,VLOOKUP(7,h_nat_tbl,2,FALSE))),RAND()),0) | I12: =IFERROR(_xlfn.BINOM.INV(MAX(0,(cb!H11-pu!H12)),MAX(0,MIN(1,VLOOKUP(8,h_nat_tbl,2,FALSE))),RAND()),0) | J12: =IFERROR(_xlfn.BINOM.INV(MAX(0,(cb!I11-pu!I12)),MAX(0,MIN(1,VLOOKUP(9,h_nat_tbl,2,FALSE))),RAND()),0) | K12: =IFERROR(_xlfn.BINOM.INV(MAX(0,(cb!J11-pu!J12)),MAX(0,MIN(1,VLOOKUP(10,h_nat_tbl,2,FALSE))),RAND()),0)
A13: 11 | B13: =IFERROR(_xlfn.BINOM.INV(MAX(0,0),MAX(0,MIN(1,VLOOKUP(1,h_nat_tbl,2,FALSE))),RAND()),0) | C13: =IFERROR(_xlfn.BINOM.INV(MAX(0,(cb!B12-pu!B13)),MAX(0,MIN(1,VLOOKUP(2,h_nat_tbl,2,FALSE))),RAND()),0) | D13: =IFERROR(_xlfn.BINOM.INV(MAX(0,(cb!C12-pu!C13)),MAX(0,MIN(1,VLOOKUP(3,h_nat_tbl,2,FALSE))),RAND()),0) | E13: =IFERROR(_xlfn.BINOM.INV(MAX(0,(cb!D12-pu!D13)),MAX(0,MIN(1,VLOOKUP(4,h_nat_tbl,2,FALSE))),RAND()),0) | F13: =IFERROR(_xlfn.BINOM.INV(MAX(0,(cb!E12-pu!E13)),MAX(0,MIN(1,VLOOKUP(5,h_nat_tbl,2,FALSE))),RAND()),0) | G13: =IFERROR(_xlfn.BINOM.INV(MAX(0,(cb!F12-pu!F13)),MAX(0,MIN(1,VLOOKUP(6,h_nat_tbl,2,FALSE))),RAND()),0) | H13: =IFERROR(_xlfn.BINOM.INV(MAX(0,(cb!G12-pu!G13)),MAX(0,MIN(1,VLOOKUP(7,h_nat_tbl,2,FALSE))),RAND()),0) | I13: =IFERROR(_xlfn.BINOM.INV(MAX(0,(cb!H12-pu!H13)),MAX(0,MIN(1,VLOOKUP(8,h_nat_tbl,2,FALSE))),RAND()),0) | J13: =IFERROR(_xlfn.BINOM.INV(MAX(0,(cb!I12-pu!I13)),MAX(0,MIN(1,VLOOKUP(9,h_nat_tbl,2,FALSE))),RAND()),0) | K13: =IFERROR(_xlfn.BINOM.INV(MAX(0,(cb!J12-pu!J13)),MAX(0,MIN(1,VLOOKUP(10,h_nat_tbl,2,FALSE))),RAND()),0)
A14: 12 | B14: =IFERROR(_xlfn.BINOM.INV(MAX(0,0),MAX(0,MIN(1,VLOOKUP(1,h_nat_tbl,2,FALSE))),RAND()),0) | C14: =IFERROR(_xlfn.BINOM.INV(MAX(0,(cb!B13-pu!B14)),MAX(0,MIN(1,VLOOKUP(2,h_nat_tbl,2,FALSE))),RAND()),0) | D14: =IFERROR(_xlfn.BINOM.INV(MAX(0,(cb!C13-pu!C14)),MAX(0,MIN(1,VLOOKUP(3,h_nat_tbl,2,FALSE))),RAND()),0) | E14: =IFERROR(_xlfn.BINOM.INV(MAX(0,(cb!D13-pu!D14)),MAX(0,MIN(1,VLOOKUP(4,h_nat_tbl,2,FALSE))),RAND()),0) | F14: =IFERROR(_xlfn.BINOM.INV(MAX(0,(cb!E13-pu!E14)),MAX(0,MIN(1,VLOOKUP(5,h_nat_tbl,2,FALSE))),RAND()),0) | G14: =IFERROR(_xlfn.BINOM.INV(MAX(0,(cb!F13-pu!F14)),MAX(0,MIN(1,VLOOKUP(6,h_nat_tbl,2,FALSE))),RAND()),0) | H14: =IFERROR(_xlfn.BINOM.INV(MAX(0,(cb!G13-pu!G14)),MAX(0,MIN(1,VLOOKUP(7,h_nat_tbl,2,FALSE))),RAND()),0) | I14: =IFERROR(_xlfn.BINOM.INV(MAX(0,(cb!H13-pu!H14)),MAX(0,MIN(1,VLOOKUP(8,h_nat_tbl,2,FALSE))),RAND()),0) | J14: =IFERROR(_xlfn.BINOM.INV(MAX(0,(cb!I13-pu!I14)),MAX(0,MIN(1,VLOOKUP(9,h_nat_tbl,2,FALSE))),RAND()),0) | K14: =IFERROR(_xlfn.BINOM.INV(MAX(0,(cb!J13-pu!J14)),MAX(0,MIN(1,VLOOKUP(10,h_nat_tbl,2,FALSE))),RAND()),0)
... A32: 30 | B32: =IFERROR(_xlfn.BINOM.INV(MAX(0,0),MAX(0,MIN(1,VLOOKUP(1,h_nat_tbl,2,FALSE))),RAND()),0) | C32: =IFERROR(_xlfn.BINOM.INV(MAX(0,(cb!B31-pu!B32)),MAX(0,MIN(1,VLOOKUP(2,h_nat_tbl,2,FALSE))),RAND()),0) | D32: =IFERROR(_xlfn.BINOM.INV(MAX(0,(cb!C31-pu!C32)),MAX(0,MIN(1,VLOOKUP(3,h_nat_tbl,2,FALSE))),RAND()),0) | E32: =IFERROR(_xlfn.BINOM.INV(MAX(0,(cb!D31-pu!D32)),MAX(0,MIN(1,VLOOKUP(4,h_nat_tbl,2,FALSE))),RAND()),0) | F32: =IFERROR(_xlfn.BINOM.INV(MAX(0,(cb!E31-pu!E32)),MAX(0,MIN(1,VLOOKUP(5,h_nat_tbl,2,FALSE))),RAND()),0) | G32: =IFERROR(_xlfn.BINOM.INV(MAX(0,(cb!F31-pu!F32)),MAX(0,MIN(1,VLOOKUP(6,h_nat_tbl,2,FALSE))),RAND()),0) | H32: =IFERROR(_xlfn.BINOM.INV(MAX(0,(cb!G31-pu!G32)),MAX(0,MIN(1,VLOOKUP(7,h_nat_tbl,2,FALSE))),RAND()),0) | I32: =IFERROR(_xlfn.BINOM.INV(MAX(0,(cb!H31-pu!H32)),MAX(0,MIN(1,VLOOKUP(8,h_nat_tbl,2,FALSE))),RAND()),0) | J32: =IFERROR(_xlfn.BINOM.INV(MAX(0,(cb!I31-pu!I32)),MAX(0,MIN(1,VLOOKUP(9,h_nat_tbl,2,FALSE))),RAND()),0) | K32: =IFERROR(_xlfn.BINOM.INV(MAX(0,(cb!J31-pu!J32)),MAX(0,MIN(1,VLOOKUP(10,h_nat_tbl,2,FALSE))),RAND()),0)

Sheet nat_ca
A1: t \ a | B1: a=1 | C1: a=2 | D1: a=3 | E1: a=4 | F1: a=5 | G1: a=6 | H1: a=7 | I1: a=8 | J1: a=9 | K1: a=10
A2: 0 | B2: 0 | C2: 0 | D2: 0 | E2: 0 | F2: 0 | G2: 0 | H2: 0 | I2: 0 | J2: 0 | K2: 0
A3: 1 | B3: =IFERROR(_xlfn.BINOM.INV(MAX(0,SUM(urodz_ch!C3:K3)),MAX(0,MIN(1,VLOOKUP(1,h_nat_tbl,2,FALSE))),RAND()),0) | C3: =IFERROR(_xlfn.BINOM.INV(MAX(0,pca!B3),MAX(0,MIN(1,VLOOKUP(2,h_nat_tbl,2,FALSE))),RAND()),0) | D3: =IFERROR(_xlfn.BINOM.INV(MAX(0,pca!C3),MAX(0,MIN(1,VLOOKUP(3,h_nat_tbl,2,FALSE))),RAND()),0) | E3: =IFERROR(_xlfn.BINOM.INV(MAX(0,pca!D3),MAX(0,MIN(1,VLOOKUP(4,h_nat_tbl,2,FALSE))),RAND()),0) | F3: =IFERROR(_xlfn.BINOM.INV(MAX(0,pca!E3),MAX(0,MIN(1,VLOOKUP(5,h_nat_tbl,2,FALSE))),RAND()),0) | G3: =IFERROR(_xlfn.BINOM.INV(MAX(0,pca!F3),MAX(0,MIN(1,VLOOKUP(6,h_nat_tbl,2,FALSE))),RAND()),0) | H3: =IFERROR(_xlfn.BINOM.INV(MAX(0,pca!G3),MAX(0,MIN(1,VLOOKUP(7,h_nat_tbl,2,FALSE))),RAND()),0) | I3: =IFERROR(_xlfn.BINOM.INV(MAX(0,pca!H3),MAX(0,MIN(1,VLOOKUP(8,h_nat_tbl,2,FALSE))),RAND()),0) | J3: =IFERROR(_xlfn.BINOM.INV(MAX(0,pca!I3),MAX(0,MIN(1,VLOOKUP(9,h_nat_tbl,2,FALSE))),RAND()),0) | K3: =IFERROR(_xlfn.BINOM.INV(MAX(0,pca!J3),MAX(0,MIN(1,VLOOKUP(10,h_nat_tbl,2,FALSE))),RAND()),0)
A4: 2 | B4: =IFERROR(_xlfn.BINOM.INV(MAX(0,SUM(urodz_ch!C4:K4)),MAX(0,MIN(1,VLOOKUP(1,h_nat_tbl,2,FALSE))),RAND()),0) | C4: =IFERROR(_xlfn.BINOM.INV(MAX(0,pca!B4),MAX(0,MIN(1,VLOOKUP(2,h_nat_tbl,2,FALSE))),RAND()),0) | D4: =IFERROR(_xlfn.BINOM.INV(MAX(0,pca!C4),MAX(0,MIN(1,VLOOKUP(3,h_nat_tbl,2,FALSE))),RAND()),0) | E4: =IFERROR(_xlfn.BINOM.INV(MAX(0,pca!D4),MAX(0,MIN(1,VLOOKUP(4,h_nat_tbl,2,FALSE))),RAND()),0) | F4: =IFERROR(_xlfn.BINOM.INV(MAX(0,pca!E4),MAX(0,MIN(1,VLOOKUP(5,h_nat_tbl,2,FALSE))),RAND()),0) | G4: =IFERROR(_xlfn.BINOM.INV(MAX(0,pca!F4),MAX(0,MIN(1,VLOOKUP(6,h_nat_tbl,2,FALSE))),RAND()),0) | H4: =IFERROR(_xlfn.BINOM.INV(MAX(0,pca!G4),MAX(0,MIN(1,VLOOKUP(7,h_nat_tbl,2,FALSE))),RAND()),0) | I4: =IFERROR(_xlfn.BINOM.INV(MAX(0,pca!H4),MAX(0,MIN(1,VLOOKUP(8,h_nat_tbl,2,FALSE))),RAND()),0) | J4: =IFERROR(_xlfn.BINOM.INV(MAX(0,pca!I4),MAX(0,MIN(1,VLOOKUP(9,h_nat_tbl,2,FALSE))),RAND()),0) | K4: =IFERROR(_xlfn.BINOM.INV(MAX(0,pca!J4),MAX(0,MIN(1,VLOOKUP(10,h_nat_tbl,2,FALSE))),RAND()),0)
A5: 3 | B5: =IFERROR(_xlfn.BINOM.INV(MAX(0,SUM(urodz_ch!C5:K5)),MAX(0,MIN(1,VLOOKUP(1,h_nat_tbl,2,FALSE))),RAND()),0) | C5: =IFERROR(_xlfn.BINOM.INV(MAX(0,pca!B5),MAX(0,MIN(1,VLOOKUP(2,h_nat_tbl,2,FALSE))),RAND()),0) | D5: =IFERROR(_xlfn.BINOM.INV(MAX(0,pca!C5),MAX(0,MIN(1,VLOOKUP(3,h_nat_tbl,2,FALSE))),RAND()),0) | E5: =IFERROR(_xlfn.BINOM.INV(MAX(0,pca!D5),MAX(0,MIN(1,VLOOKUP(4,h_nat_tbl,2,FALSE))),RAND()),0) | F5: =IFERROR(_xlfn.BINOM.INV(MAX(0,pca!E5),MAX(0,MIN(1,VLOOKUP(5,h_nat_tbl,2,FALSE))),RAND()),0) | G5: =IFERROR(_xlfn.BINOM.INV(MAX(0,pca!F5),MAX(0,MIN(1,VLOOKUP(6,h_nat_tbl,2,FALSE))),RAND()),0) | H5: =IFERROR(_xlfn.BINOM.INV(MAX(0,pca!G5),MAX(0,MIN(1,VLOOKUP(7,h_nat_tbl,2,FALSE))),RAND()),0) | I5: =IFERROR(_xlfn.BINOM.INV(MAX(0,pca!H5),MAX(0,MIN(1,VLOOKUP(8,h_nat_tbl,2,FALSE))),RAND()),0) | J5: =IFERROR(_xlfn.BINOM.INV(MAX(0,pca!I5),MAX(0,MIN(1,VLOOKUP(9,h_nat_tbl,2,FALSE))),RAND()),0) | K5: =IFERROR(_xlfn.BINOM.INV(MAX(0,pca!J5),MAX(0,MIN(1,VLOOKUP(10,h_nat_tbl,2,FALSE))),RAND()),0)
A6: 4 | B6: =IFERROR(_xlfn.BINOM.INV(MAX(0,SUM(urodz_ch!C6:K6)),MAX(0,MIN(1,VLOOKUP(1,h_nat_tbl,2,FALSE))),RAND()),0) | C6: =IFERROR(_xlfn.BINOM.INV(MAX(0,pca!B6),MAX(0,MIN(1,VLOOKUP(2,h_nat_tbl,2,FALSE))),RAND()),0) | D6: =IFERROR(_xlfn.BINOM.INV(MAX(0,pca!C6),MAX(0,MIN(1,VLOOKUP(3,h_nat_tbl,2,FALSE))),RAND()),0) | E6: =IFERROR(_xlfn.BINOM.INV(MAX(0,pca!D6),MAX(0,MIN(1,VLOOKUP(4,h_nat_tbl,2,FALSE))),RAND()),0) | F6: =IFERROR(_xlfn.BINOM.INV(MAX(0,pca!E6),MAX(0,MIN(1,VLOOKUP(5,h_nat_tbl,2,FALSE))),RAND()),0) | G6: =IFERROR(_xlfn.BINOM.INV(MAX(0,pca!F6),MAX(0,MIN(1,VLOOKUP(6,h_nat_tbl,2,FALSE))),RAND()),0) | H6: =IFERROR(_xlfn.BINOM.INV(MAX(0,pca!G6),MAX(0,MIN(1,VLOOKUP(7,h_nat_tbl,2,FALSE))),RAND()),0) | I6: =IFERROR(_xlfn.BINOM.INV(MAX(0,pca!H6),MAX(0,MIN(1,VLOOKUP(8,h_nat_tbl,2,FALSE))),RAND()),0) | J6: =IFERROR(_xlfn.BINOM.INV(MAX(0,pca!I6),MAX(0,MIN(1,VLOOKUP(9,h_nat_tbl,2,FALSE))),RAND()),0) | K6: =IFERROR(_xlfn.BINOM.INV(MAX(0,pca!J6),MAX(0,MIN(1,VLOOKUP(10,h_nat_tbl,2,FALSE))),RAND()),0)
A7: 5 | B7: =IFERROR(_xlfn.BINOM.INV(MAX(0,SUM(urodz_ch!C7:K7)),MAX(0,MIN(1,VLOOKUP(1,h_nat_tbl,2,FALSE))),RAND()),0) | C7: =IFERROR(_xlfn.BINOM.INV(MAX(0,pca!B7),MAX(0,MIN(1,VLOOKUP(2,h_nat_tbl,2,FALSE))),RAND()),0) | D7: =IFERROR(_xlfn.BINOM.INV(MAX(0,pca!C7),MAX(0,MIN(1,VLOOKUP(3,h_nat_tbl,2,FALSE))),RAND()),0) | E7: =IFERROR(_xlfn.BINOM.INV(MAX(0,pca!D7),MAX(0,MIN(1,VLOOKUP(4,h_nat_tbl,2,FALSE))),RAND()),0) | F7: =IFERROR(_xlfn.BINOM.INV(MAX(0,pca!E7),MAX(0,MIN(1,VLOOKUP(5,h_nat_tbl,2,FALSE))),RAND()),0) | G7: =IFERROR(_xlfn.BINOM.INV(MAX(0,pca!F7),MAX(0,MIN(1,VLOOKUP(6,h_nat_tbl,2,FALSE))),RAND()),0) | H7: =IFERROR(_xlfn.BINOM.INV(MAX(0,pca!G7),MAX(0,MIN(1,VLOOKUP(7,h_nat_tbl,2,FALSE))),RAND()),0) | I7: =IFERROR(_xlfn.BINOM.INV(MAX(0,pca!H7),MAX(0,MIN(1,VLOOKUP(8,h_nat_tbl,2,FALSE))),RAND()),0) | J7: =IFERROR(_xlfn.BINOM.INV(MAX(0,pca!I7),MAX(0,MIN(1,VLOOKUP(9,h_nat_tbl,2,FALSE))),RAND()),0) | K7: =IFERROR(_xlfn.BINOM.INV(MAX(0,pca!J7),MAX(0,MIN(1,VLOOKUP(10,h_nat_tbl,2,FALSE))),RAND()),0)
A8: 6 | B8: =IFERROR(_xlfn.BINOM.INV(MAX(0,SUM(urodz_ch!C8:K8)),MAX(0,MIN(1,VLOOKUP(1,h_nat_tbl,2,FALSE))),RAND()),0) | C8: =IFERROR(_xlfn.BINOM.INV(MAX(0,pca!B8),MAX(0,MIN(1,VLOOKUP(2,h_nat_tbl,2,FALSE))),RAND()),0) | D8: =IFERROR(_xlfn.BINOM.INV(MAX(0,pca!C8),MAX(0,MIN(1,VLOOKUP(3,h_nat_tbl,2,FALSE))),RAND()),0) | E8: =IFERROR(_xlfn.BINOM.INV(MAX(0,pca!D8),MAX(0,MIN(1,VLOOKUP(4,h_nat_tbl,2,FALSE))),RAND()),0) | F8: =IFERROR(_xlfn.BINOM.INV(MAX(0,pca!E8),MAX(0,MIN(1,VLOOKUP(5,h_nat_tbl,2,FALSE))),RAND()),0) | G8: =IFERROR(_xlfn.BINOM.INV(MAX(0,pca!F8),MAX(0,MIN(1,VLOOKUP(6,h_nat_tbl,2,FALSE))),RAND()),0) | H8: =IFERROR(_xlfn.BINOM.INV(MAX(0,pca!G8),MAX(0,MIN(1,VLOOKUP(7,h_nat_tbl,2,FALSE))),RAND()),0) | I8: =IFERROR(_xlfn.BINOM.INV(MAX(0,pca!H8),MAX(0,MIN(1,VLOOKUP(8,h_nat_tbl,2,FALSE))),RAND()),0) | J8: =IFERROR(_xlfn.BINOM.INV(MAX(0,pca!I8),MAX(0,MIN(1,VLOOKUP(9,h_nat_tbl,2,FALSE))),RAND()),0) | K8: =IFERROR(_xlfn.BINOM.INV(MAX(0,pca!J8),MAX(0,MIN(1,VLOOKUP(10,h_nat_tbl,2,FALSE))),RAND()),0)
A9: 7 | B9: =IFERROR(_xlfn.BINOM.INV(MAX(0,SUM(urodz_ch!C9:K9)),MAX(0,MIN(1,VLOOKUP(1,h_nat_tbl,2,FALSE))),RAND()),0) | C9: =IFERROR(_xlfn.BINOM.INV(MAX(0,pca!B9),MAX(0,MIN(1,VLOOKUP(2,h_nat_tbl,2,FALSE))),RAND()),0) | D9: =IFERROR(_xlfn.BINOM.INV(MAX(0,pca!C9),MAX(0,MIN(1,VLOOKUP(3,h_nat_tbl,2,FALSE))),RAND()),0) | E9: =IFERROR(_xlfn.BINOM.INV(MAX(0,pca!D9),MAX(0,MIN(1,VLOOKUP(4,h_nat_tbl,2,FALSE))),RAND()),0) | F9: =IFERROR(_xlfn.BINOM.INV(MAX(0,pca!E9),MAX(0,MIN(1,VLOOKUP(5,h_nat_tbl,2,FALSE))),RAND()),0) | G9: =IFERROR(_xlfn.BINOM.INV(MAX(0,pca!F9),MAX(0,MIN(1,VLOOKUP(6,h_nat_tbl,2,FALSE))),RAND()),0) | H9: =IFERROR(_xlfn.BINOM.INV(MAX(0,pca!G9),MAX(0,MIN(1,VLOOKUP(7,h_nat_tbl,2,FALSE))),RAND()),0) | I9: =IFERROR(_xlfn.BINOM.INV(MAX(0,pca!H9),MAX(0,MIN(1,VLOOKUP(8,h_nat_tbl,2,FALSE))),RAND()),0) | J9: =IFERROR(_xlfn.BINOM.INV(MAX(0,pca!I9),MAX(0,MIN(1,VLOOKUP(9,h_nat_tbl,2,FALSE))),RAND()),0) | K9: =IFERROR(_xlfn.BINOM.INV(MAX(0,pca!J9),MAX(0,MIN(1,VLOOKUP(10,h_nat_tbl,2,FALSE))),RAND()),0)
A10: 8 | B10: =IFERROR(_xlfn.BINOM.INV(MAX(0,SUM(urodz_ch!C10:K10)),MAX(0,MIN(1,VLOOKUP(1,h_nat_tbl,2,FALSE))),RAND()),0) | C10: =IFERROR(_xlfn.BINOM.INV(MAX(0,pca!B10),MAX(0,MIN(1,VLOOKUP(2,h_nat_tbl,2,FALSE))),RAND()),0) | D10: =IFERROR(_xlfn.BINOM.INV(MAX(0,pca!C10),MAX(0,MIN(1,VLOOKUP(3,h_nat_tbl,2,FALSE))),RAND()),0) | E10: =IFERROR(_xlfn.BINOM.INV(MAX(0,pca!D10),MAX(0,MIN(1,VLOOKUP(4,h_nat_tbl,2,FALSE))),RAND()),0) | F10: =IFERROR(_xlfn.BINOM.INV(MAX(0,pca!E10),MAX(0,MIN(1,VLOOKUP(5,h_nat_tbl,2,FALSE))),RAND()),0) | G10: =IFERROR(_xlfn.BINOM.INV(MAX(0,pca!F10),MAX(0,MIN(1,VLOOKUP(6,h_nat_tbl,2,FALSE))),RAND()),0) | H10: =IFERROR(_xlfn.BINOM.INV(MAX(0,pca!G10),MAX(0,MIN(1,VLOOKUP(7,h_nat_tbl,2,FALSE))),RAND()),0) | I10: =IFERROR(_xlfn.BINOM.INV(MAX(0,pca!H10),MAX(0,MIN(1,VLOOKUP(8,h_nat_tbl,2,FALSE))),RAND()),0) | J10: =IFERROR(_xlfn.BINOM.INV(MAX(0,pca!I10),MAX(0,MIN(1,VLOOKUP(9,h_nat_tbl,2,FALSE))),RAND()),0) | K10: =IFERROR(_xlfn.BINOM.INV(MAX(0,pca!J10),MAX(0,MIN(1,VLOOKUP(10,h_nat_tbl,2,FALSE))),RAND()),0)
A11: 9 | B11: =IFERROR(_xlfn.BINOM.INV(MAX(0,SUM(urodz_ch!C11:K11)),MAX(0,MIN(1,VLOOKUP(1,h_nat_tbl,2,FALSE))),RAND()),0) | C11: =IFERROR(_xlfn.BINOM.INV(MAX(0,pca!B11),MAX(0,MIN(1,VLOOKUP(2,h_nat_tbl,2,FALSE))),RAND()),0) | D11: =IFERROR(_xlfn.BINOM.INV(MAX(0,pca!C11),MAX(0,MIN(1,VLOOKUP(3,h_nat_tbl,2,FALSE))),RAND()),0) | E11: =IFERROR(_xlfn.BINOM.INV(MAX(0,pca!D11),MAX(0,MIN(1,VLOOKUP(4,h_nat_tbl,2,FALSE))),RAND()),0) | F11: =IFERROR(_xlfn.BINOM.INV(MAX(0,pca!E11),MAX(0,MIN(1,VLOOKUP(5,h_nat_tbl,2,FALSE))),RAND()),0) | G11: =IFERROR(_xlfn.BINOM.INV(MAX(0,pca!F11),MAX(0,MIN(1,VLOOKUP(6,h_nat_tbl,2,FALSE))),RAND()),0) | H11: =IFERROR(_xlfn.BINOM.INV(MAX(0,pca!G11),MAX(0,MIN(1,VLOOKUP(7,h_nat_tbl,2,FALSE))),RAND()),0) | I11: =IFERROR(_xlfn.BINOM.INV(MAX(0,pca!H11),MAX(0,MIN(1,VLOOKUP(8,h_nat_tbl,2,FALSE))),RAND()),0) | J11: =IFERROR(_xlfn.BINOM.INV(MAX(0,pca!I11),MAX(0,MIN(1,VLOOKUP(9,h_nat_tbl,2,FALSE))),RAND()),0) | K11: =IFERROR(_xlfn.BINOM.INV(MAX(0,pca!J11),MAX(0,MIN(1,VLOOKUP(10,h_nat_tbl,2,FALSE))),RAND()),0)
A12: 10 | B12: =IFERROR(_xlfn.BINOM.INV(MAX(0,SUM(urodz_ch!C12:K12)),MAX(0,MIN(1,VLOOKUP(1,h_nat_tbl,2,FALSE))),RAND()),0) | C12: =IFERROR(_xlfn.BINOM.INV(MAX(0,pca!B12),MAX(0,MIN(1,VLOOKUP(2,h_nat_tbl,2,FALSE))),RAND()),0) | D12: =IFERROR(_xlfn.BINOM.INV(MAX(0,pca!C12),MAX(0,MIN(1,VLOOKUP(3,h_nat_tbl,2,FALSE))),RAND()),0) | E12: =IFERROR(_xlfn.BINOM.INV(MAX(0,pca!D12),MAX(0,MIN(1,VLOOKUP(4,h_nat_tbl,2,FALSE))),RAND()),0) | F12: =IFERROR(_xlfn.BINOM.INV(MAX(0,pca!E12),MAX(0,MIN(1,VLOOKUP(5,h_nat_tbl,2,FALSE))),RAND()),0) | G12: =IFERROR(_xlfn.BINOM.INV(MAX(0,pca!F12),MAX(0,MIN(1,VLOOKUP(6,h_nat_tbl,2,FALSE))),RAND()),0) | H12: =IFERROR(_xlfn.BINOM.INV(MAX(0,pca!G12),MAX(0,MIN(1,VLOOKUP(7,h_nat_tbl,2,FALSE))),RAND()),0) | I12: =IFERROR(_xlfn.BINOM.INV(MAX(0,pca!H12),MAX(0,MIN(1,VLOOKUP(8,h_nat_tbl,2,FALSE))),RAND()),0) | J12: =IFERROR(_xlfn.BINOM.INV(MAX(0,pca!I12),MAX(0,MIN(1,VLOOKUP(9,h_nat_tbl,2,FALSE))),RAND()),0) | K12: =IFERROR(_xlfn.BINOM.INV(MAX(0,pca!J12),MAX(0,MIN(1,VLOOKUP(10,h_nat_tbl,2,FALSE))),RAND()),0)
A13: 11 | B13: =IFERROR(_xlfn.BINOM.INV(MAX(0,SUM(urodz_ch!C13:K13)),MAX(0,MIN(1,VLOOKUP(1,h_nat_tbl,2,FALSE))),RAND()),0) | C13: =IFERROR(_xlfn.BINOM.INV(MAX(0,pca!B13),MAX(0,MIN(1,VLOOKUP(2,h_nat_tbl,2,FALSE))),RAND()),0) | D13: =IFERROR(_xlfn.BINOM.INV(MAX(0,pca!C13),MAX(0,MIN(1,VLOOKUP(3,h_nat_tbl,2,FALSE))),RAND()),0) | E13: =IFERROR(_xlfn.BINOM.INV(MAX(0,pca!D13),MAX(0,MIN(1,VLOOKUP(4,h_nat_tbl,2,FALSE))),RAND()),0) | F13: =IFERROR(_xlfn.BINOM.INV(MAX(0,pca!E13),MAX(0,MIN(1,VLOOKUP(5,h_nat_tbl,2,FALSE))),RAND()),0) | G13: =IFERROR(_xlfn.BINOM.INV(MAX(0,pca!F13),MAX(0,MIN(1,VLOOKUP(6,h_nat_tbl,2,FALSE))),RAND()),0) | H13: =IFERROR(_xlfn.BINOM.INV(MAX(0,pca!G13),MAX(0,MIN(1,VLOOKUP(7,h_nat_tbl,2,FALSE))),RAND()),0) | I13: =IFERROR(_xlfn.BINOM.INV(MAX(0,pca!H13),MAX(0,MIN(1,VLOOKUP(8,h_nat_tbl,2,FALSE))),RAND()),0) | J13: =IFERROR(_xlfn.BINOM.INV(MAX(0,pca!I13),MAX(0,MIN(1,VLOOKUP(9,h_nat_tbl,2,FALSE))),RAND()),0) | K13: =IFERROR(_xlfn.BINOM.INV(MAX(0,pca!J13),MAX(0,MIN(1,VLOOKUP(10,h_nat_tbl,2,FALSE))),RAND()),0)
A14: 12 | B14: =IFERROR(_xlfn.BINOM.INV(MAX(0,SUM(urodz_ch!C14:K14)),MAX(0,MIN(1,VLOOKUP(1,h_nat_tbl,2,FALSE))),RAND()),0) | C14: =IFERROR(_xlfn.BINOM.INV(MAX(0,pca!B14),MAX(0,MIN(1,VLOOKUP(2,h_nat_tbl,2,FALSE))),RAND()),0) | D14: =IFERROR(_xlfn.BINOM.INV(MAX(0,pca!C14),MAX(0,MIN(1,VLOOKUP(3,h_nat_tbl,2,FALSE))),RAND()),0) | E14: =IFERROR(_xlfn.BINOM.INV(MAX(0,pca!D14),MAX(0,MIN(1,VLOOKUP(4,h_nat_tbl,2,FALSE))),RAND()),0) | F14: =IFERROR(_xlfn.BINOM.INV(MAX(0,pca!E14),MAX(0,MIN(1,VLOOKUP(5,h_nat_tbl,2,FALSE))),RAND()),0) | G14: =IFERROR(_xlfn.BINOM.INV(MAX(0,pca!F14),MAX(0,MIN(1,VLOOKUP(6,h_nat_tbl,2,FALSE))),RAND()),0) | H14: =IFERROR(_xlfn.BINOM.INV(MAX(0,pca!G14),MAX(0,MIN(1,VLOOKUP(7,h_nat_tbl,2,FALSE))),RAND()),0) | I14: =IFERROR(_xlfn.BINOM.INV(MAX(0,pca!H14),MAX(0,MIN(1,VLOOKUP(8,h_nat_tbl,2,FALSE))),RAND()),0) | J14: =IFERROR(_xlfn.BINOM.INV(MAX(0,pca!I14),MAX(0,MIN(1,VLOOKUP(9,h_nat_tbl,2,FALSE))),RAND()),0) | K14: =IFERROR(_xlfn.BINOM.INV(MAX(0,pca!J14),MAX(0,MIN(1,VLOOKUP(10,h_nat_tbl,2,FALSE))),RAND()),0)
... A32: 30 | B32: =IFERROR(_xlfn.BINOM.INV(MAX(0,SUM(urodz_ch!C32:K32)),MAX(0,MIN(1,VLOOKUP(1,h_nat_tbl,2,FALSE))),RAND()),0) | C32: =IFERROR(_xlfn.BINOM.INV(MAX(0,pca!B32),MAX(0,MIN(1,VLOOKUP(2,h_nat_tbl,2,FALSE))),RAND()),0) | D32: =IFERROR(_xlfn.BINOM.INV(MAX(0,pca!C32),MAX(0,MIN(1,VLOOKUP(3,h_nat_tbl,2,FALSE))),RAND()),0) | E32: =IFERROR(_xlfn.BINOM.INV(MAX(0,pca!D32),MAX(0,MIN(1,VLOOKUP(4,h_nat_tbl,2,FALSE))),RAND()),0) | F32: =IFERROR(_xlfn.BINOM.INV(MAX(0,pca!E32),MAX(0,MIN(1,VLOOKUP(5,h_nat_tbl,2,FALSE))),RAND()),0) | G32: =IFERROR(_xlfn.BINOM.INV(MAX(0,pca!F32),MAX(0,MIN(1,VLOOKUP(6,h_nat_tbl,2,FALSE))),RAND()),0) | H32: =IFERROR(_xlfn.BINOM.INV(MAX(0,pca!G32),MAX(0,MIN(1,VLOOKUP(7,h_nat_tbl,2,FALSE))),RAND()),0) | I32: =IFERROR(_xlfn.BINOM.INV(MAX(0,pca!H32),MAX(0,MIN(1,VLOOKUP(8,h_nat_tbl,2,FALSE))),RAND()),0) | J32: =IFERROR(_xlfn.BINOM.INV(MAX(0,pca!I32),MAX(0,MIN(1,VLOOKUP(9,h_nat_tbl,2,FALSE))),RAND()),0) | K32: =IFERROR(_xlfn.BINOM.INV(MAX(0,pca!J32),MAX(0,MIN(1,VLOOKUP(10,h_nat_tbl,2,FALSE))),RAND()),0)

Sheet nat_cb
A1: t \ a | B1: a=1 | C1: a=2 | D1: a=3 | E1: a=4 | F1: a=5 | G1: a=6 | H1: a=7 | I1: a=8 | J1: a=9 | K1: a=10
A2: 0 | B2: 0 | C2: 0 | D2: 0 | E2: 0 | F2: 0 | G2: 0 | H2: 0 | I2: 0 | J2: 0 | K2: 0
A3: 1 | B3: =IFERROR(_xlfn.BINOM.INV(MAX(0,0),MAX(0,MIN(1,VLOOKUP(1,h_nat_tbl,2,FALSE))),RAND()),0) | C3: =IFERROR(_xlfn.BINOM.INV(MAX(0,ca!B2),MAX(0,MIN(1,VLOOKUP(2,h_nat_tbl,2,FALSE))),RAND()),0) | D3: =IFERROR(_xlfn.BINOM.INV(MAX(0,ca!C2),MAX(0,MIN(1,VLOOKUP(3,h_nat_tbl,2,FALSE))),RAND()),0) | E3: =IFERROR(_xlfn.BINOM.INV(MAX(0,ca!D2),MAX(0,MIN(1,VLOOKUP(4,h_nat_tbl,2,FALSE))),RAND()),0) | F3: =IFERROR(_xlfn.BINOM.INV(MAX(0,ca!E2),MAX(0,MIN(1,VLOOKUP(5,h_nat_tbl,2,FALSE))),RAND()),0) | G3: =IFERROR(_xlfn.BINOM.INV(MAX(0,ca!F2),MAX(0,MIN(1,VLOOKUP(6,h_nat_tbl,2,FALSE))),RAND()),0) | H3: =IFERROR(_xlfn.BINOM.INV(MAX(0,ca!G2),MAX(0,MIN(1,VLOOKUP(7,h_nat_tbl,2,FALSE))),RAND()),0) | I3: =IFERROR(_xlfn.BINOM.INV(MAX(0,ca!H2),MAX(0,MIN(1,VLOOKUP(8,h_nat_tbl,2,FALSE))),RAND()),0) | J3: =IFERROR(_xlfn.BINOM.INV(MAX(0,ca!I2),MAX(0,MIN(1,VLOOKUP(9,h_nat_tbl,2,FALSE))),RAND()),0) | K3: =IFERROR(_xlfn.BINOM.INV(MAX(0,ca!J2),MAX(0,MIN(1,VLOOKUP(10,h_nat_tbl,2,FALSE))),RAND()),0)
A4: 2 | B4: =IFERROR(_xlfn.BINOM.INV(MAX(0,0),MAX(0,MIN(1,VLOOKUP(1,h_nat_tbl,2,FALSE))),RAND()),0) | C4: =IFERROR(_xlfn.BINOM.INV(MAX(0,ca!B3),MAX(0,MIN(1,VLOOKUP(2,h_nat_tbl,2,FALSE))),RAND()),0) | D4: =IFERROR(_xlfn.BINOM.INV(MAX(0,ca!C3),MAX(0,MIN(1,VLOOKUP(3,h_nat_tbl,2,FALSE))),RAND()),0) | E4: =IFERROR(_xlfn.BINOM.INV(MAX(0,ca!D3),MAX(0,MIN(1,VLOOKUP(4,h_nat_tbl,2,FALSE))),RAND()),0) | F4: =IFERROR(_xlfn.BINOM.INV(MAX(0,ca!E3),MAX(0,MIN(1,VLOOKUP(5,h_nat_tbl,2,FALSE))),RAND()),0) | G4: =IFERROR(_xlfn.BINOM.INV(MAX(0,ca!F3),MAX(0,MIN(1,VLOOKUP(6,h_nat_tbl,2,FALSE))),RAND()),0) | H4: =IFERROR(_xlfn.BINOM.INV(MAX(0,ca!G3),MAX(0,MIN(1,VLOOKUP(7,h_nat_tbl,2,FALSE))),RAND()),0) | I4: =IFERROR(_xlfn.BINOM.INV(MAX(0,ca!H3),MAX(0,MIN(1,VLOOKUP(8,h_nat_tbl,2,FALSE))),RAND()),0) | J4: =IFERROR(_xlfn.BINOM.INV(MAX(0,ca!I3),MAX(0,MIN(1,VLOOKUP(9,h_nat_tbl,2,FALSE))),RAND()),0) | K4: =IFERROR(_xlfn.BINOM.INV(MAX(0,ca!J3),MAX(0,MIN(1,VLOOKUP(10,h_nat_tbl,2,FALSE))),RAND()),0)
A5: 3 | B5: =IFERROR(_xlfn.BINOM.INV(MAX(0,0),MAX(0,MIN(1,VLOOKUP(1,h_nat_tbl,2,FALSE))),RAND()),0) | C5: =IFERROR(_xlfn.BINOM.INV(MAX(0,ca!B4),MAX(0,MIN(1,VLOOKUP(2,h_nat_tbl,2,FALSE))),RAND()),0) | D5: =IFERROR(_xlfn.BINOM.INV(MAX(0,ca!C4),MAX(0,MIN(1,VLOOKUP(3,h_nat_tbl,2,FALSE))),RAND()),0) | E5: =IFERROR(_xlfn.BINOM.INV(MAX(0,ca!D4),MAX(0,MIN(1,VLOOKUP(4,h_nat_tbl,2,FALSE))),RAND()),0) | F5: =IFERROR(_xlfn.BINOM.INV(MAX(0,ca!E4),MAX(0,MIN(1,VLOOKUP(5,h_nat_tbl,2,FALSE))),RAND()),0) | G5: =IFERROR(_xlfn.BINOM.INV(MAX(0,ca!F4),MAX(0,MIN(1,VLOOKUP(6,h_nat_tbl,2,FALSE))),RAND()),0) | H5: =IFERROR(_xlfn.BINOM.INV(MAX(0,ca!G4),MAX(0,MIN(1,VLOOKUP(7,h_nat_tbl,2,FALSE))),RAND()),0) | I5: =IFERROR(_xlfn.BINOM.INV(MAX(0,ca!H4),MAX(0,MIN(1,VLOOKUP(8,h_nat_tbl,2,FALSE))),RAND()),0) | J5: =IFERROR(_xlfn.BINOM.INV(MAX(0,ca!I4),MAX(0,MIN(1,VLOOKUP(9,h_nat_tbl,2,FALSE))),RAND()),0) | K5: =IFERROR(_xlfn.BINOM.INV(MAX(0,ca!J4),MAX(0,MIN(1,VLOOKUP(10,h_nat_tbl,2,FALSE))),RAND()),0)
A6: 4 | B6: =IFERROR(_xlfn.BINOM.INV(MAX(0,0),MAX(0,MIN(1,VLOOKUP(1,h_nat_tbl,2,FALSE))),RAND()),0) | C6: =IFERROR(_xlfn.BINOM.INV(MAX(0,ca!B5),MAX(0,MIN(1,VLOOKUP(2,h_nat_tbl,2,FALSE))),RAND()),0) | D6: =IFERROR(_xlfn.BINOM.INV(MAX(0,ca!C5),MAX(0,MIN(1,VLOOKUP(3,h_nat_tbl,2,FALSE))),RAND()),0) | E6: =IFERROR(_xlfn.BINOM.INV(MAX(0,ca!D5),MAX(0,MIN(1,VLOOKUP(4,h_nat_tbl,2,FALSE))),RAND()),0) | F6: =IFERROR(_xlfn.BINOM.INV(MAX(0,ca!E5),MAX(0,MIN(1,VLOOKUP(5,h_nat_tbl,2,FALSE))),RAND()),0) | G6: =IFERROR(_xlfn.BINOM.INV(MAX(0,ca!F5),MAX(0,MIN(1,VLOOKUP(6,h_nat_tbl,2,FALSE))),RAND()),0) | H6: =IFERROR(_xlfn.BINOM.INV(MAX(0,ca!G5),MAX(0,MIN(1,VLOOKUP(7,h_nat_tbl,2,FALSE))),RAND()),0) | I6: =IFERROR(_xlfn.BINOM.INV(MAX(0,ca!H5),MAX(0,MIN(1,VLOOKUP(8,h_nat_tbl,2,FALSE))),RAND()),0) | J6: =IFERROR(_xlfn.BINOM.INV(MAX(0,ca!I5),MAX(0,MIN(1,VLOOKUP(9,h_nat_tbl,2,FALSE))),RAND()),0) | K6: =IFERROR(_xlfn.BINOM.INV(MAX(0,ca!J5),MAX(0,MIN(1,VLOOKUP(10,h_nat_tbl,2,FALSE))),RAND()),0)
A7: 5 | B7: =IFERROR(_xlfn.BINOM.INV(MAX(0,0),MAX(0,MIN(1,VLOOKUP(1,h_nat_tbl,2,FALSE))),RAND()),0) | C7: =IFERROR(_xlfn.BINOM.INV(MAX(0,ca!B6),MAX(0,MIN(1,VLOOKUP(2,h_nat_tbl,2,FALSE))),RAND()),0) | D7: =IFERROR(_xlfn.BINOM.INV(MAX(0,ca!C6),MAX(0,MIN(1,VLOOKUP(3,h_nat_tbl,2,FALSE))),RAND()),0) | E7: =IFERROR(_xlfn.BINOM.INV(MAX(0,ca!D6),MAX(0,MIN(1,VLOOKUP(4,h_nat_tbl,2,FALSE))),RAND()),0) | F7: =IFERROR(_xlfn.BINOM.INV(MAX(0,ca!E6),MAX(0,MIN(1,VLOOKUP(5,h_nat_tbl,2,FALSE))),RAND()),0) | G7: =IFERROR(_xlfn.BINOM.INV(MAX(0,ca!F6),MAX(0,MIN(1,VLOOKUP(6,h_nat_tbl,2,FALSE))),RAND()),0) | H7: =IFERROR(_xlfn.BINOM.INV(MAX(0,ca!G6),MAX(0,MIN(1,VLOOKUP(7,h_nat_tbl,2,FALSE))),RAND()),0) | I7: =IFERROR(_xlfn.BINOM.INV(MAX(0,ca!H6),MAX(0,MIN(1,VLOOKUP(8,h_nat_tbl,2,FALSE))),RAND()),0) | J7: =IFERROR(_xlfn.BINOM.INV(MAX(0,ca!I6),MAX(0,MIN(1,VLOOKUP(9,h_nat_tbl,2,FALSE))),RAND()),0) | K7: =IFERROR(_xlfn.BINOM.INV(MAX(0,ca!J6),MAX(0,MIN(1,VLOOKUP(10,h_nat_tbl,2,FALSE))),RAND()),0)
A8: 6 | B8: =IFERROR(_xlfn.BINOM.INV(MAX(0,0),MAX(0,MIN(1,VLOOKUP(1,h_nat_tbl,2,FALSE))),RAND()),0) | C8: =IFERROR(_xlfn.BINOM.INV(MAX(0,ca!B7),MAX(0,MIN(1,VLOOKUP(2,h_nat_tbl,2,FALSE))),RAND()),0) | D8: =IFERROR(_xlfn.BINOM.INV(MAX(0,ca!C7),MAX(0,MIN(1,VLOOKUP(3,h_nat_tbl,2,FALSE))),RAND()),0) | E8: =IFERROR(_xlfn.BINOM.INV(MAX(0,ca!D7),MAX(0,MIN(1,VLOOKUP(4,h_nat_tbl,2,FALSE))),RAND()),0) | F8: =IFERROR(_xlfn.BINOM.INV(MAX(0,ca!E7),MAX(0,MIN(1,VLOOKUP(5,h_nat_tbl,2,FALSE))),RAND()),0) | G8: =IFERROR(_xlfn.BINOM.INV(MAX(0,ca!F7),MAX(0,MIN(1,VLOOKUP(6,h_nat_tbl,2,FALSE))),RAND()),0) | H8: =IFERROR(_xlfn.BINOM.INV(MAX(0,ca!G7),MAX(0,MIN(1,VLOOKUP(7,h_nat_tbl,2,FALSE))),RAND()),0) | I8: =IFERROR(_xlfn.BINOM.INV(MAX(0,ca!H7),MAX(0,MIN(1,VLOOKUP(8,h_nat_tbl,2,FALSE))),RAND()),0) | J8: =IFERROR(_xlfn.BINOM.INV(MAX(0,ca!I7),MAX(0,MIN(1,VLOOKUP(9,h_nat_tbl,2,FALSE))),RAND()),0) | K8: =IFERROR(_xlfn.BINOM.INV(MAX(0,ca!J7),MAX(0,MIN(1,VLOOKUP(10,h_nat_tbl,2,FALSE))),RAND()),0)
A9: 7 | B9: =IFERROR(_xlfn.BINOM.INV(MAX(0,0),MAX(0,MIN(1,VLOOKUP(1,h_nat_tbl,2,FALSE))),RAND()),0) | C9: =IFERROR(_xlfn.BINOM.INV(MAX(0,ca!B8),MAX(0,MIN(1,VLOOKUP(2,h_nat_tbl,2,FALSE))),RAND()),0) | D9: =IFERROR(_xlfn.BINOM.INV(MAX(0,ca!C8),MAX(0,MIN(1,VLOOKUP(3,h_nat_tbl,2,FALSE))),RAND()),0) | E9: =IFERROR(_xlfn.BINOM.INV(MAX(0,ca!D8),MAX(0,MIN(1,VLOOKUP(4,h_nat_tbl,2,FALSE))),RAND()),0) | F9: =IFERROR(_xlfn.BINOM.INV(MAX(0,ca!E8),MAX(0,MIN(1,VLOOKUP(5,h_nat_tbl,2,FALSE))),RAND()),0) | G9: =IFERROR(_xlfn.BINOM.INV(MAX(0,ca!F8),MAX(0,MIN(1,VLOOKUP(6,h_nat_tbl,2,FALSE))),RAND()),0) | H9: =IFERROR(_xlfn.BINOM.INV(MAX(0,ca!G8),MAX(0,MIN(1,VLOOKUP(7,h_nat_tbl,2,FALSE))),RAND()),0) | I9: =IFERROR(_xlfn.BINOM.INV(MAX(0,ca!H8),MAX(0,MIN(1,VLOOKUP(8,h_nat_tbl,2,FALSE))),RAND()),0) | J9: =IFERROR(_xlfn.BINOM.INV(MAX(0,ca!I8),MAX(0,MIN(1,VLOOKUP(9,h_nat_tbl,2,FALSE))),RAND()),0) | K9: =IFERROR(_xlfn.BINOM.INV(MAX(0,ca!J8),MAX(0,MIN(1,VLOOKUP(10,h_nat_tbl,2,FALSE))),RAND()),0)
A10: 8 | B10: =IFERROR(_xlfn.BINOM.INV(MAX(0,0),MAX(0,MIN(1,VLOOKUP(1,h_nat_tbl,2,FALSE))),RAND()),0) | C10: =IFERROR(_xlfn.BINOM.INV(MAX(0,ca!B9),MAX(0,MIN(1,VLOOKUP(2,h_nat_tbl,2,FALSE))),RAND()),0) | D10: =IFERROR(_xlfn.BINOM.INV(MAX(0,ca!C9),MAX(0,MIN(1,VLOOKUP(3,h_nat_tbl,2,FALSE))),RAND()),0) | E10: =IFERROR(_xlfn.BINOM.INV(MAX(0,ca!D9),MAX(0,MIN(1,VLOOKUP(4,h_nat_tbl,2,FALSE))),RAND()),0) | F10: =IFERROR(_xlfn.BINOM.INV(MAX(0,ca!E9),MAX(0,MIN(1,VLOOKUP(5,h_nat_tbl,2,FALSE))),RAND()),0) | G10: =IFERROR(_xlfn.BINOM.INV(MAX(0,ca!F9),MAX(0,MIN(1,VLOOKUP(6,h_nat_tbl,2,FALSE))),RAND()),0) | H10: =IFERROR(_xlfn.BINOM.INV(MAX(0,ca!G9),MAX(0,MIN(1,VLOOKUP(7,h_nat_tbl,2,FALSE))),RAND()),0) | I10: =IFERROR(_xlfn.BINOM.INV(MAX(0,ca!H9),MAX(0,MIN(1,VLOOKUP(8,h_nat_tbl,2,FALSE))),RAND()),0) | J10: =IFERROR(_xlfn.BINOM.INV(MAX(0,ca!I9),MAX(0,MIN(1,VLOOKUP(9,h_nat_tbl,2,FALSE))),RAND()),0) | K10: =IFERROR(_xlfn.BINOM.INV(MAX(0,ca!J9),MAX(0,MIN(1,VLOOKUP(10,h_nat_tbl,2,FALSE))),RAND()),0)
A11: 9 | B11: =IFERROR(_xlfn.BINOM.INV(MAX(0,0),MAX(0,MIN(1,VLOOKUP(1,h_nat_tbl,2,FALSE))),RAND()),0) | C11: =IFERROR(_xlfn.BINOM.INV(MAX(0,ca!B10),MAX(0,MIN(1,VLOOKUP(2,h_nat_tbl,2,FALSE))),RAND()),0) | D11: =IFERROR(_xlfn.BINOM.INV(MAX(0,ca!C10),MAX(0,MIN(1,VLOOKUP(3,h_nat_tbl,2,FALSE))),RAND()),0) | E11: =IFERROR(_xlfn.BINOM.INV(MAX(0,ca!D10),MAX(0,MIN(1,VLOOKUP(4,h_nat_tbl,2,FALSE))),RAND()),0) | F11: =IFERROR(_xlfn.BINOM.INV(MAX(0,ca!E10),MAX(0,MIN(1,VLOOKUP(5,h_nat_tbl,2,FALSE))),RAND()),0) | G11: =IFERROR(_xlfn.BINOM.INV(MAX(0,ca!F10),MAX(0,MIN(1,VLOOKUP(6,h_nat_tbl,2,FALSE))),RAND()),0) | H11: =IFERROR(_xlfn.BINOM.INV(MAX(0,ca!G10),MAX(0,MIN(1,VLOOKUP(7,h_nat_tbl,2,FALSE))),RAND()),0) | I11: =IFERROR(_xlfn.BINOM.INV(MAX(0,ca!H10),MAX(0,MIN(1,VLOOKUP(8,h_nat_tbl,2,FALSE))),RAND()),0) | J11: =IFERROR(_xlfn.BINOM.INV(MAX(0,ca!I10),MAX(0,MIN(1,VLOOKUP(9,h_nat_tbl,2,FALSE))),RAND()),0) | K11: =IFERROR(_xlfn.BINOM.INV(MAX(0,ca!J10),MAX(0,MIN(1,VLOOKUP(10,h_nat_tbl,2,FALSE))),RAND()),0)
A12: 10 | B12: =IFERROR(_xlfn.BINOM.INV(MAX(0,0),MAX(0,MIN(1,VLOOKUP(1,h_nat_tbl,2,FALSE))),RAND()),0) | C12: =IFERROR(_xlfn.BINOM.INV(MAX(0,ca!B11),MAX(0,MIN(1,VLOOKUP(2,h_nat_tbl,2,FALSE))),RAND()),0) | D12: =IFERROR(_xlfn.BINOM.INV(MAX(0,ca!C11),MAX(0,MIN(1,VLOOKUP(3,h_nat_tbl,2,FALSE))),RAND()),0) | E12: =IFERROR(_xlfn.BINOM.INV(MAX(0,ca!D11),MAX(0,MIN(1,VLOOKUP(4,h_nat_tbl,2,FALSE))),RAND()),0) | F12: =IFERROR(_xlfn.BINOM.INV(MAX(0,ca!E11),MAX(0,MIN(1,VLOOKUP(5,h_nat_tbl,2,FALSE))),RAND()),0) | G12: =IFERROR(_xlfn.BINOM.INV(MAX(0,ca!F11),MAX(0,MIN(1,VLOOKUP(6,h_nat_tbl,2,FALSE))),RAND()),0) | H12: =IFERROR(_xlfn.BINOM.INV(MAX(0,ca!G11),MAX(0,MIN(1,VLOOKUP(7,h_nat_tbl,2,FALSE))),RAND()),0) | I12: =IFERROR(_xlfn.BINOM.INV(MAX(0,ca!H11),MAX(0,MIN(1,VLOOKUP(8,h_nat_tbl,2,FALSE))),RAND()),0) | J12: =IFERROR(_xlfn.BINOM.INV(MAX(0,ca!I11),MAX(0,MIN(1,VLOOKUP(9,h_nat_tbl,2,FALSE))),RAND()),0) | K12: =IFERROR(_xlfn.BINOM.INV(MAX(0,ca!J11),MAX(0,MIN(1,VLOOKUP(10,h_nat_tbl,2,FALSE))),RAND()),0)
A13: 11 | B13: =IFERROR(_xlfn.BINOM.INV(MAX(0,0),MAX(0,MIN(1,VLOOKUP(1,h_nat_tbl,2,FALSE))),RAND()),0) | C13: =IFERROR(_xlfn.BINOM.INV(MAX(0,ca!B12),MAX(0,MIN(1,VLOOKUP(2,h_nat_tbl,2,FALSE))),RAND()),0) | D13: =IFERROR(_xlfn.BINOM.INV(MAX(0,ca!C12),MAX(0,MIN(1,VLOOKUP(3,h_nat_tbl,2,FALSE))),RAND()),0) | E13: =IFERROR(_xlfn.BINOM.INV(MAX(0,ca!D12),MAX(0,MIN(1,VLOOKUP(4,h_nat_tbl,2,FALSE))),RAND()),0) | F13: =IFERROR(_xlfn.BINOM.INV(MAX(0,ca!E12),MAX(0,MIN(1,VLOOKUP(5,h_nat_tbl,2,FALSE))),RAND()),0) | G13: =IFERROR(_xlfn.BINOM.INV(MAX(0,ca!F12),MAX(0,MIN(1,VLOOKUP(6,h_nat_tbl,2,FALSE))),RAND()),0) | H13: =IFERROR(_xlfn.BINOM.INV(MAX(0,ca!G12),MAX(0,MIN(1,VLOOKUP(7,h_nat_tbl,2,FALSE))),RAND()),0) | I13: =IFERROR(_xlfn.BINOM.INV(MAX(0,ca!H12),MAX(0,MIN(1,VLOOKUP(8,h_nat_tbl,2,FALSE))),RAND()),0) | J13: =IFERROR(_xlfn.BINOM.INV(MAX(0,ca!I12),MAX(0,MIN(1,VLOOKUP(9,h_nat_tbl,2,FALSE))),RAND()),0) | K13: =IFERROR(_xlfn.BINOM.INV(MAX(0,ca!J12),MAX(0,MIN(1,VLOOKUP(10,h_nat_tbl,2,FALSE))),RAND()),0)
A14: 12 | B14: =IFERROR(_xlfn.BINOM.INV(MAX(0,0),MAX(0,MIN(1,VLOOKUP(1,h_nat_tbl,2,FALSE))),RAND()),0) | C14: =IFERROR(_xlfn.BINOM.INV(MAX(0,ca!B13),MAX(0,MIN(1,VLOOKUP(2,h_nat_tbl,2,FALSE))),RAND()),0) | D14: =IFERROR(_xlfn.BINOM.INV(MAX(0,ca!C13),MAX(0,MIN(1,VLOOKUP(3,h_nat_tbl,2,FALSE))),RAND()),0) | E14: =IFERROR(_xlfn.BINOM.INV(MAX(0,ca!D13),MAX(0,MIN(1,VLOOKUP(4,h_nat_tbl,2,FALSE))),RAND()),0) | F14: =IFERROR(_xlfn.BINOM.INV(MAX(0,ca!E13),MAX(0,MIN(1,VLOOKUP(5,h_nat_tbl,2,FALSE))),RAND()),0) | G14: =IFERROR(_xlfn.BINOM.INV(MAX(0,ca!F13),MAX(0,MIN(1,VLOOKUP(6,h_nat_tbl,2,FALSE))),RAND()),0) | H14: =IFERROR(_xlfn.BINOM.INV(MAX(0,ca!G13),MAX(0,MIN(1,VLOOKUP(7,h_nat_tbl,2,FALSE))),RAND()),0) | I14: =IFERROR(_xlfn.BINOM.INV(MAX(0,ca!H13),MAX(0,MIN(1,VLOOKUP(8,h_nat_tbl,2,FALSE))),RAND()),0) | J14: =IFERROR(_xlfn.BINOM.INV(MAX(0,ca!I13),MAX(0,MIN(1,VLOOKUP(9,h_nat_tbl,2,FALSE))),RAND()),0) | K14: =IFERROR(_xlfn.BINOM.INV(MAX(0,ca!J13),MAX(0,MIN(1,VLOOKUP(10,h_nat_tbl,2,FALSE))),RAND()),0)
... A32: 30 | B32: =IFERROR(_xlfn.BINOM.INV(MAX(0,0),MAX(0,MIN(1,VLOOKUP(1,h_nat_tbl,2,FALSE))),RAND()),0) | C32: =IFERROR(_xlfn.BINOM.INV(MAX(0,ca!B31),MAX(0,MIN(1,VLOOKUP(2,h_nat_tbl,2,FALSE))),RAND()),0) | D32: =IFERROR(_xlfn.BINOM.INV(MAX(0,ca!C31),MAX(0,MIN(1,VLOOKUP(3,h_nat_tbl,2,FALSE))),RAND()),0) | E32: =IFERROR(_xlfn.BINOM.INV(MAX(0,ca!D31),MAX(0,MIN(1,VLOOKUP(4,h_nat_tbl,2,FALSE))),RAND()),0) | F32: =IFERROR(_xlfn.BINOM.INV(MAX(0,ca!E31),MAX(0,MIN(1,VLOOKUP(5,h_nat_tbl,2,FALSE))),RAND()),0) | G32: =IFERROR(_xlfn.BINOM.INV(MAX(0,ca!F31),MAX(0,MIN(1,VLOOKUP(6,h_nat_tbl,2,FALSE))),RAND()),0) | H32: =IFERROR(_xlfn.BINOM.INV(MAX(0,ca!G31),MAX(0,MIN(1,VLOOKUP(7,h_nat_tbl,2,FALSE))),RAND()),0) | I32: =IFERROR(_xlfn.BINOM.INV(MAX(0,ca!H31),MAX(0,MIN(1,VLOOKUP(8,h_nat_tbl,2,FALSE))),RAND()),0) | J32: =IFERROR(_xlfn.BINOM.INV(MAX(0,ca!I31),MAX(0,MIN(1,VLOOKUP(9,h_nat_tbl,2,FALSE))),RAND()),0) | K32: =IFERROR(_xlfn.BINOM.INV(MAX(0,ca!J31),MAX(0,MIN(1,VLOOKUP(10,h_nat_tbl,2,FALSE))),RAND()),0)

Sheet Wyniki
A1: t | B1: Σ z | C1: Σ o | D1: Σ ca | E1: Σ cb | F1: Σ zakaźnych | G1: Σ żywych | H1: Nowe zgony | I1: Skumul. zgony | J1: Σ urodzeń | K1: Średni wiek
A2: 0 | B2: =SUM(z!B2:K2) | C2: =SUM(o!B2:K2) | D2: =SUM(ca!B2:K2) | E2: =SUM(cb!B2:K2) | F2: =D2+E2 | G2: =B2+C2+D2+E2 | H2: 0 | I2: 0 | J2: 0 | K2: =IFERROR((1*(z!B2+o!B2+ca!B2+cb!B2)+2*(z!C2+o!C2+ca!C2+cb!C2)+3*(z!D2+o!D2+ca!D2+cb!D2)+4*(z!E2+o!E2+ca!E2+cb!E2)+5*(z!F2+o!F2+ca!F2+cb!F2)+6*(z!G2+o!G2+ca!G2+cb!G2)+7*(z!H2+o!H2+ca!H2+cb!H2)+8*(z!I2+o!I2+ca!I2+cb!I2)+9*(z!J2+o!J2+ca!J2+cb!J2)+10*(z!K2+o!K2+ca!K2+cb!K2))/G2,0)
A3: 1 | B3: =SUM(z!B3:K3) | C3: =SUM(o!B3:K3) | D3: =SUM(ca!B3:K3) | E3: =SUM(cb!B3:K3) | F3: =D3+E3 | G3: =B3+C3+D3+E3 | H3: =SUM(pu!B3:K3)+SUM(nat_z!B3:K3)+SUM(nat_o!B3:K3)+SUM(nat_ca!B3:K3)+SUM(nat_cb!B3:K3) | I3: =I2+H3 | J3: =SUM(urodz!B3:K3) | K3: =IFERROR((1*(z!B3+o!B3+ca!B3+cb!B3)+2*(z!C3+o!C3+ca!C3+cb!C3)+3*(z!D3+o!D3+ca!D3+cb!D3)+4*(z!E3+o!E3+ca!E3+cb!E3)+5*(z!F3+o!F3+ca!F3+cb!F3)+6*(z!G3+o!G3+ca!G3+cb!G3)+7*(z!H3+o!H3+ca!H3+cb!H3)+8*(z!I3+o!I3+ca!I3+cb!I3)+9*(z!J3+o!J3+ca!J3+cb!J3)+10*(z!K3+o!K3+ca!K3+cb!K3))/G3,0)
A4: 2 | B4: =SUM(z!B4:K4) | C4: =SUM(o!B4:K4) | D4: =SUM(ca!B4:K4) | E4: =SUM(cb!B4:K4) | F4: =D4+E4 | G4: =B4+C4+D4+E4 | H4: =SUM(pu!B4:K4)+SUM(nat_z!B4:K4)+SUM(nat_o!B4:K4)+SUM(nat_ca!B4:K4)+SUM(nat_cb!B4:K4) | I4: =I3+H4 | J4: =SUM(urodz!B4:K4) | K4: =IFERROR((1*(z!B4+o!B4+ca!B4+cb!B4)+2*(z!C4+o!C4+ca!C4+cb!C4)+3*(z!D4+o!D4+ca!D4+cb!D4)+4*(z!E4+o!E4+ca!E4+cb!E4)+5*(z!F4+o!F4+ca!F4+cb!F4)+6*(z!G4+o!G4+ca!G4+cb!G4)+7*(z!H4+o!H4+ca!H4+cb!H4)+8*(z!I4+o!I4+ca!I4+cb!I4)+9*(z!J4+o!J4+ca!J4+cb!J4)+10*(z!K4+o!K4+ca!K4+cb!K4))/G4,0)
A5: 3 | B5: =SUM(z!B5:K5) | C5: =SUM(o!B5:K5) | D5: =SUM(ca!B5:K5) | E5: =SUM(cb!B5:K5) | F5: =D5+E5 | G5: =B5+C5+D5+E5 | H5: =SUM(pu!B5:K5)+SUM(nat_z!B5:K5)+SUM(nat_o!B5:K5)+SUM(nat_ca!B5:K5)+SUM(nat_cb!B5:K5) | I5: =I4+H5 | J5: =SUM(urodz!B5:K5) | K5: =IFERROR((1*(z!B5+o!B5+ca!B5+cb!B5)+2*(z!C5+o!C5+ca!C5+cb!C5)+3*(z!D5+o!D5+ca!D5+cb!D5)+4*(z!E5+o!E5+ca!E5+cb!E5)+5*(z!F5+o!F5+ca!F5+cb!F5)+6*(z!G5+o!G5+ca!G5+cb!G5)+7*(z!H5+o!H5+ca!H5+cb!H5)+8*(z!I5+o!I5+ca!I5+cb!I5)+9*(z!J5+o!J5+ca!J5+cb!J5)+10*(z!K5+o!K5+ca!K5+cb!K5))/G5,0)
A6: 4 | B6: =SUM(z!B6:K6) | C6: =SUM(o!B6:K6) | D6: =SUM(ca!B6:K6) | E6: =SUM(cb!B6:K6) | F6: =D6+E6 | G6: =B6+C6+D6+E6 | H6: =SUM(pu!B6:K6)+SUM(nat_z!B6:K6)+SUM(nat_o!B6:K6)+SUM(nat_ca!B6:K6)+SUM(nat_cb!B6:K6) | I6: =I5+H6 | J6: =SUM(urodz!B6:K6) | K6: =IFERROR((1*(z!B6+o!B6+ca!B6+cb!B6)+2*(z!C6+o!C6+ca!C6+cb!C6)+3*(z!D6+o!D6+ca!D6+cb!D6)+4*(z!E6+o!E6+ca!E6+cb!E6)+5*(z!F6+o!F6+ca!F6+cb!F6)+6*(z!G6+o!G6+ca!G6+cb!G6)+7*(z!H6+o!H6+ca!H6+cb!H6)+8*(z!I6+o!I6+ca!I6+cb!I6)+9*(z!J6+o!J6+ca!J6+cb!J6)+10*(z!K6+o!K6+ca!K6+cb!K6))/G6,0)
A7: 5 | B7: =SUM(z!B7:K7) | C7: =SUM(o!B7:K7) | D7: =SUM(ca!B7:K7) | E7: =SUM(cb!B7:K7) | F7: =D7+E7 | G7: =B7+C7+D7+E7 | H7: =SUM(pu!B7:K7)+SUM(nat_z!B7:K7)+SUM(nat_o!B7:K7)+SUM(nat_ca!B7:K7)+SUM(nat_cb!B7:K7) | I7: =I6+H7 | J7: =SUM(urodz!B7:K7) | K7: =IFERROR((1*(z!B7+o!B7+ca!B7+cb!B7)+2*(z!C7+o!C7+ca!C7+cb!C7)+3*(z!D7+o!D7+ca!D7+cb!D7)+4*(z!E7+o!E7+ca!E7+cb!E7)+5*(z!F7+o!F7+ca!F7+cb!F7)+6*(z!G7+o!G7+ca!G7+cb!G7)+7*(z!H7+o!H7+ca!H7+cb!H7)+8*(z!I7+o!I7+ca!I7+cb!I7)+9*(z!J7+o!J7+ca!J7+cb!J7)+10*(z!K7+o!K7+ca!K7+cb!K7))/G7,0)
A8: 6 | B8: =SUM(z!B8:K8) | C8: =SUM(o!B8:K8) | D8: =SUM(ca!B8:K8) | E8: =SUM(cb!B8:K8) | F8: =D8+E8 | G8: =B8+C8+D8+E8 | H8: =SUM(pu!B8:K8)+SUM(nat_z!B8:K8)+SUM(nat_o!B8:K8)+SUM(nat_ca!B8:K8)+SUM(nat_cb!B8:K8) | I8: =I7+H8 | J8: =SUM(urodz!B8:K8) | K8: =IFERROR((1*(z!B8+o!B8+ca!B8+cb!B8)+2*(z!C8+o!C8+ca!C8+cb!C8)+3*(z!D8+o!D8+ca!D8+cb!D8)+4*(z!E8+o!E8+ca!E8+cb!E8)+5*(z!F8+o!F8+ca!F8+cb!F8)+6*(z!G8+o!G8+ca!G8+cb!G8)+7*(z!H8+o!H8+ca!H8+cb!H8)+8*(z!I8+o!I8+ca!I8+cb!I8)+9*(z!J8+o!J8+ca!J8+cb!J8)+10*(z!K8+o!K8+ca!K8+cb!K8))/G8,0)
A9: 7 | B9: =SUM(z!B9:K9) | C9: =SUM(o!B9:K9) | D9: =SUM(ca!B9:K9) | E9: =SUM(cb!B9:K9) | F9: =D9+E9 | G9: =B9+C9+D9+E9 | H9: =SUM(pu!B9:K9)+SUM(nat_z!B9:K9)+SUM(nat_o!B9:K9)+SUM(nat_ca!B9:K9)+SUM(nat_cb!B9:K9) | I9: =I8+H9 | J9: =SUM(urodz!B9:K9) | K9: =IFERROR((1*(z!B9+o!B9+ca!B9+cb!B9)+2*(z!C9+o!C9+ca!C9+cb!C9)+3*(z!D9+o!D9+ca!D9+cb!D9)+4*(z!E9+o!E9+ca!E9+cb!E9)+5*(z!F9+o!F9+ca!F9+cb!F9)+6*(z!G9+o!G9+ca!G9+cb!G9)+7*(z!H9+o!H9+ca!H9+cb!H9)+8*(z!I9+o!I9+ca!I9+cb!I9)+9*(z!J9+o!J9+ca!J9+cb!J9)+10*(z!K9+o!K9+ca!K9+cb!K9))/G9,0)
A10: 8 | B10: =SUM(z!B10:K10) | C10: =SUM(o!B10:K10) | D10: =SUM(ca!B10:K10) | E10: =SUM(cb!B10:K10) | F10: =D10+E10 | G10: =B10+C10+D10+E10 | H10: =SUM(pu!B10:K10)+SUM(nat_z!B10:K10)+SUM(nat_o!B10:K10)+SUM(nat_ca!B10:K10)+SUM(nat_cb!B10:K10) | I10: =I9+H10 | J10: =SUM(urodz!B10:K10) | K10: =IFERROR((1*(z!B10+o!B10+ca!B10+cb!B10)+2*(z!C10+o!C10+ca!C10+cb!C10)+3*(z!D10+o!D10+ca!D10+cb!D10)+4*(z!E10+o!E10+ca!E10+cb!E10)+5*(z!F10+o!F10+ca!F10+cb!F10)+6*(z!G10+o!G10+ca!G10+cb!G10)+7*(z!H10+o!H10+ca!H10+cb!H10)+8*(z!I10+o!I10+ca!I10+cb!I10)+9*(z!J10+o!J10+ca!J10+cb!J10)+10*(z!K10+o!K10+ca!K10+cb!K10))/G10,0)
A11: 9 | B11: =SUM(z!B11:K11) | C11: =SUM(o!B11:K11) | D11: =SUM(ca!B11:K11) | E11: =SUM(cb!B11:K11) | F11: =D11+E11 | G11: =B11+C11+D11+E11 | H11: =SUM(pu!B11:K11)+SUM(nat_z!B11:K11)+SUM(nat_o!B11:K11)+SUM(nat_ca!B11:K11)+SUM(nat_cb!B11:K11) | I11: =I10+H11 | J11: =SUM(urodz!B11:K11) | K11: =IFERROR((1*(z!B11+o!B11+ca!B11+cb!B11)+2*(z!C11+o!C11+ca!C11+cb!C11)+3*(z!D11+o!D11+ca!D11+cb!D11)+4*(z!E11+o!E11+ca!E11+cb!E11)+5*(z!F11+o!F11+ca!F11+cb!F11)+6*(z!G11+o!G11+ca!G11+cb!G11)+7*(z!H11+o!H11+ca!H11+cb!H11)+8*(z!I11+o!I11+ca!I11+cb!I11)+9*(z!J11+o!J11+ca!J11+cb!J11)+10*(z!K11+o!K11+ca!K11+cb!K11))/G11,0)
A12: 10 | B12: =SUM(z!B12:K12) | C12: =SUM(o!B12:K12) | D12: =SUM(ca!B12:K12) | E12: =SUM(cb!B12:K12) | F12: =D12+E12 | G12: =B12+C12+D12+E12 | H12: =SUM(pu!B12:K12)+SUM(nat_z!B12:K12)+SUM(nat_o!B12:K12)+SUM(nat_ca!B12:K12)+SUM(nat_cb!B12:K12) | I12: =I11+H12 | J12: =SUM(urodz!B12:K12) | K12: =IFERROR((1*(z!B12+o!B12+ca!B12+cb!B12)+2*(z!C12+o!C12+ca!C12+cb!C12)+3*(z!D12+o!D12+ca!D12+cb!D12)+4*(z!E12+o!E12+ca!E12+cb!E12)+5*(z!F12+o!F12+ca!F12+cb!F12)+6*(z!G12+o!G12+ca!G12+cb!G12)+7*(z!H12+o!H12+ca!H12+cb!H12)+8*(z!I12+o!I12+ca!I12+cb!I12)+9*(z!J12+o!J12+ca!J12+cb!J12)+10*(z!K12+o!K12+ca!K12+cb!K12))/G12,0)
A13: 11 | B13: =SUM(z!B13:K13) | C13: =SUM(o!B13:K13) | D13: =SUM(ca!B13:K13) | E13: =SUM(cb!B13:K13) | F13: =D13+E13 | G13: =B13+C13+D13+E13 | H13: =SUM(pu!B13:K13)+SUM(nat_z!B13:K13)+SUM(nat_o!B13:K13)+SUM(nat_ca!B13:K13)+SUM(nat_cb!B13:K13) | I13: =I12+H13 | J13: =SUM(urodz!B13:K13) | K13: =IFERROR((1*(z!B13+o!B13+ca!B13+cb!B13)+2*(z!C13+o!C13+ca!C13+cb!C13)+3*(z!D13+o!D13+ca!D13+cb!D13)+4*(z!E13+o!E13+ca!E13+cb!E13)+5*(z!F13+o!F13+ca!F13+cb!F13)+6*(z!G13+o!G13+ca!G13+cb!G13)+7*(z!H13+o!H13+ca!H13+cb!H13)+8*(z!I13+o!I13+ca!I13+cb!I13)+9*(z!J13+o!J13+ca!J13+cb!J13)+10*(z!K13+o!K13+ca!K13+cb!K13))/G13,0)
A14: 12 | B14: =SUM(z!B14:K14) | C14: =SUM(o!B14:K14) | D14: =SUM(ca!B14:K14) | E14: =SUM(cb!B14:K14) | F14: =D14+E14 | G14: =B14+C14+D14+E14 | H14: =SUM(pu!B14:K14)+SUM(nat_z!B14:K14)+SUM(nat_o!B14:K14)+SUM(nat_ca!B14:K14)+SUM(nat_cb!B14:K14) | I14: =I13+H14 | J14: =SUM(urodz!B14:K14) | K14: =IFERROR((1*(z!B14+o!B14+ca!B14+cb!B14)+2*(z!C14+o!C14+ca!C14+cb!C14)+3*(z!D14+o!D14+ca!D14+cb!D14)+4*(z!E14+o!E14+ca!E14+cb!E14)+5*(z!F14+o!F14+ca!F14+cb!F14)+6*(z!G14+o!G14+ca!G14+cb!G14)+7*(z!H14+o!H14+ca!H14+cb!H14)+8*(z!I14+o!I14+ca!I14+cb!I14)+9*(z!J14+o!J14+ca!J14+cb!J14)+10*(z!K14+o!K14+ca!K14+cb!K14))/G14,0)
... A32: 30 | B32: =SUM(z!B32:K32) | C32: =SUM(o!B32:K32) | D32: =SUM(ca!B32:K32) | E32: =SUM(cb!B32:K32) | F32: =D32+E32 | G32: =B32+C32+D32+E32 | H32: =SUM(pu!B32:K32)+SUM(nat_z!B32:K32)+SUM(nat_o!B32:K32)+SUM(nat_ca!B32:K32)+SUM(nat_cb!B32:K32) | I32: =I31+H32 | J32: =SUM(urodz!B32:K32) | K32: =IFERROR((1*(z!B32+o!B32+ca!B32+cb!B32)+2*(z!C32+o!C32+ca!C32+cb!C32)+3*(z!D32+o!D32+ca!D32+cb!D32)+4*(z!E32+o!E32+ca!E32+cb!E32)+5*(z!F32+o!F32+ca!F32+cb!F32)+6*(z!G32+o!G32+ca!G32+cb!G32)+7*(z!H32+o!H32+ca!H32+cb!H32)+8*(z!I32+o!I32+ca!I32+cb!I32)+9*(z!J32+o!J32+ca!J32+cb!J32)+10*(z!K32+o!K32+ca!K32+cb!K32))/G32,0)
A34: Podsumowanie pojedynczej trajektorii
A35: Σ żywych w t=30 | B35: =G32
A36: Skumul. zgony w t=30 | B36: =I32
A37: Maks. zakaźnych | B37: =MAX(F2:F32)
A38: Tick maks. zakaźności | B38: =MATCH(MAX(F2:F32),F2:F32,0)-1
A39: Σ urodzeń całkowita | B39: =SUM(J2:J32)
A40: Σ zgonów całkowita | B40: =I32
A41: Średni wiek w t=30 | B41: =K32
A42: Wymarcie? (1=tak) | B42: =IF(G32=0,1,0)

Sheet MonteCarlo
A1: Eksperyment Monte Carlo
A2: Naciśnij F9 aby przeliczyć jedną trajektorię. Aby zebrać N replikacji, ustaw tabelę danych (Data Table) wg instrukcji poniżej.
A4: Instrukcja konfiguracji 1-wejściowej Data Table
A5: 1. Zaznacz zakres B10:H510.
A6: 2. Wstążka: Dane → Analiza warunkowa → Tabela danych…
A7: (Mac UI po angielsku: Data → What-If Analysis → Data Table…)
A8: 3. „Komórka wejściowa wiersza” – ZOSTAW PUSTE.
A9: 4. „Komórka wejściowa kolumny” – wskaż dowolną pustą komórkę, np. $A$1. | C9: Σ żywych t=30 | D9: Skumul. zgony t=30 | E9: Maks. zakaźnych | F9: Tick maks. | G9: Σ urodzeń | H9: Wymarcie?
A10: 5. OK. Excel uruchomi 500 przeliczeń – w kolumnach C..H pojawią się próbki, | C10: =res_zywe_t30 | D10: =res_zgony_t30 | E10: =res_peak | F10: =res_peak_t | G10: =res_urodz | H10: =res_wymarcie
A11: a statystyki w wierszach 513–517 (średnia / odch.std / p5 / p50 / p95) policzą się same. | B11: 1
A12: 6. (Opcjonalnie) Plik → Opcje → Formuły → „Automatyczne z wyjątkiem tabel danych”, | B12: 2
A13: żeby tabela nie przeliczała się przy każdej zmianie komórki. | B13: 3
B14: 4
A15: Uwaga: do pierwszego uruchomienia Tabeli Danych komórki C11:H510 są puste, | B15: 5
A16: więc statystyki poniżej pokazują „—”. To normalne – znikną po uruchomieniu. | B16: 6
B17: 7
B18: 8
B19: 9
B20: 10
B21: 11
B22: 12
B23: 13
B24: 14
B25: 15
B26: 16
B27: 17
B28: 18
... B510: 500
A512: Statystyki (po uruchomieniu Data Table)
A513: średnia | C513: =IFERROR(IF(COUNT(C11:C510)=0,"—",AVERAGE(C11:C510)),"—") | D513: =IFERROR(IF(COUNT(D11:D510)=0,"—",AVERAGE(D11:D510)),"—") | E513: =IFERROR(IF(COUNT(E11:E510)=0,"—",AVERAGE(E11:E510)),"—") | F513: =IFERROR(IF(COUNT(F11:F510)=0,"—",AVERAGE(F11:F510)),"—") | G513: =IFERROR(IF(COUNT(G11:G510)=0,"—",AVERAGE(G11:G510)),"—") | H513: =IFERROR(IF(COUNT(H11:H510)=0,"—",AVERAGE(H11:H510)),"—")
A514: odch. std | C514: =IFERROR(IF(COUNT(C11:C510)=0,"—",_xlfn.STDEV.S(C11:C510)),"—") | D514: =IFERROR(IF(COUNT(D11:D510)=0,"—",_xlfn.STDEV.S(D11:D510)),"—") | E514: =IFERROR(IF(COUNT(E11:E510)=0,"—",_xlfn.STDEV.S(E11:E510)),"—") | F514: =IFERROR(IF(COUNT(F11:F510)=0,"—",_xlfn.STDEV.S(F11:F510)),"—") | G514: =IFERROR(IF(COUNT(G11:G510)=0,"—",_xlfn.STDEV.S(G11:G510)),"—") | H514: =IFERROR(IF(COUNT(H11:H510)=0,"—",_xlfn.STDEV.S(H11:H510)),"—")
A515: p5 | C515: =IFERROR(IF(COUNT(C11:C510)=0,"—",_xlfn.PERCENTILE.INC(C11:C510,0.05)),"—") | D515: =IFERROR(IF(COUNT(D11:D510)=0,"—",_xlfn.PERCENTILE.INC(D11:D510,0.05)),"—") | E515: =IFERROR(IF(COUNT(E11:E510)=0,"—",_xlfn.PERCENTILE.INC(E11:E510,0.05)),"—") | F515: =IFERROR(IF(COUNT(F11:F510)=0,"—",_xlfn.PERCENTILE.INC(F11:F510,0.05)),"—") | G515: =IFERROR(IF(COUNT(G11:G510)=0,"—",_xlfn.PERCENTILE.INC(G11:G510,0.05)),"—") | H515: =IFERROR(IF(COUNT(H11:H510)=0,"—",_xlfn.PERCENTILE.INC(H11:H510,0.05)),"—")
A516: p50 | C516: =IFERROR(IF(COUNT(C11:C510)=0,"—",_xlfn.PERCENTILE.INC(C11:C510,0.5)),"—") | D516: =IFERROR(IF(COUNT(D11:D510)=0,"—",_xlfn.PERCENTILE.INC(D11:D510,0.5)),"—") | E516: =IFERROR(IF(COUNT(E11:E510)=0,"—",_xlfn.PERCENTILE.INC(E11:E510,0.5)),"—") | F516: =IFERROR(IF(COUNT(F11:F510)=0,"—",_xlfn.PERCENTILE.INC(F11:F510,0.5)),"—") | G516: =IFERROR(IF(COUNT(G11:G510)=0,"—",_xlfn.PERCENTILE.INC(G11:G510,0.5)),"—") | H516: =IFERROR(IF(COUNT(H11:H510)=0,"—",_xlfn.PERCENTILE.INC(H11:H510,0.5)),"—")
A517: p95 | C517: =IFERROR(IF(COUNT(C11:C510)=0,"—",_xlfn.PERCENTILE.INC(C11:C510,0.95)),"—") | D517: =IFERROR(IF(COUNT(D11:D510)=0,"—",_xlfn.PERCENTILE.INC(D11:D510,0.95)),"—") | E517: =IFERROR(IF(COUNT(E11:E510)=0,"—",_xlfn.PERCENTILE.INC(E11:E510,0.95)),"—") | F517: =IFERROR(IF(COUNT(F11:F510)=0,"—",_xlfn.PERCENTILE.INC(F11:F510,0.95)),"—") | G517: =IFERROR(IF(COUNT(G11:G510)=0,"—",_xlfn.PERCENTILE.INC(G11:G510,0.95)),"—") | H517: =IFERROR(IF(COUNT(H11:H510)=0,"—",_xlfn.PERCENTILE.INC(H11:H510,0.95)),"—")
